date,home_team,away_team,home_score,away_score,is_neutral_site,tournament
2018-09-06,Germany,France,0.0,0.0,False,UEFA Nations League
2018-09-06,Czech Republic,Ukraine,1.0,2.0,False,UEFA Nations League
2018-09-06,Wales,Republic of Ireland,4.0,1.0,False,UEFA Nations League
2018-09-06,Norway,Cyprus,2.0,0.0,False,UEFA Nations League
2018-09-06,Slovenia,Bulgaria,1.0,2.0,False,UEFA Nations League
2018-09-06,Kazakhstan,Georgia,0.0,2.0,False,UEFA Nations League
2018-09-06,Latvia,Andorra,0.0,0.0,False,UEFA Nations League
2018-09-06,Armenia,Liechtenstein,2.0,1.0,False,UEFA Nations League
2018-09-06,Gibraltar,North Macedonia,0.0,2.0,False,UEFA Nations League
2018-09-06,Dominica,Suriname,0.0,0.0,True,CONCACAF Nations League qualification
2018-09-06,Guyana,Barbados,3.0,0.0,False,CONCACAF Nations League qualification
2018-09-07,Italy,Poland,1.0,1.0,False,UEFA Nations League
2018-09-07,Turkey,Russia,1.0,2.0,False,UEFA Nations League
2018-09-07,Albania,Israel,1.0,0.0,False,UEFA Nations League
2018-09-07,Lithuania,Serbia,0.0,1.0,False,UEFA Nations League
2018-09-07,Romania,Montenegro,0.0,0.0,False,UEFA Nations League
2018-09-07,Faroe Islands,Malta,3.0,1.0,False,UEFA Nations League
2018-09-07,Azerbaijan,Kosovo,0.0,0.0,False,UEFA Nations League
2018-09-07,Anguilla,French Guiana,0.0,5.0,False,CONCACAF Nations League qualification
2018-09-07,Antigua and Barbuda,Saint Lucia,0.0,3.0,False,CONCACAF Nations League qualification
2018-09-07,Belize,Bahamas,4.0,0.0,False,CONCACAF Nations League qualification
2018-09-08,Switzerland,Iceland,6.0,0.0,False,UEFA Nations League
2018-09-08,England,Spain,1.0,2.0,False,UEFA Nations League
2018-09-08,Northern Ireland,Bosnia and Herzegovina,1.0,2.0,False,UEFA Nations League
2018-09-08,Finland,Hungary,1.0,0.0,False,UEFA Nations League
2018-09-08,Estonia,Greece,0.0,1.0,False,UEFA Nations League
2018-09-08,Belarus,San Marino,5.0,0.0,False,UEFA Nations League
2018-09-08,Luxembourg,Moldova,4.0,0.0,False,UEFA Nations League
2018-09-08,Saint Vincent and the Grenadines,Nicaragua,0.0,2.0,False,CONCACAF Nations League qualification
2018-09-08,Cuba,Turks and Caicos Islands,11.0,0.0,False,CONCACAF Nations League qualification
2018-09-08,Montserrat,El Salvador,1.0,2.0,False,CONCACAF Nations League qualification
2018-09-09,France,Netherlands,2.0,1.0,False,UEFA Nations League
2018-09-09,Ukraine,Slovakia,1.0,0.0,False,UEFA Nations League
2018-09-09,Denmark,Wales,2.0,0.0,False,UEFA Nations League
2018-09-09,Bulgaria,Norway,1.0,0.0,False,UEFA Nations League
2018-09-09,Cyprus,Slovenia,2.0,1.0,False,UEFA Nations League
2018-09-09,Georgia,Latvia,1.0,0.0,False,UEFA Nations League
2018-09-09,North Macedonia,Armenia,2.0,0.0,False,UEFA Nations League
2018-09-09,Liechtenstein,Gibraltar,2.0,0.0,False,UEFA Nations League
2018-09-09,Bonaire,Dominican Republic,0.0,5.0,True,CONCACAF Nations League qualification
2018-09-09,United States Virgin Islands,Canada,0.0,8.0,True,CONCACAF Nations League qualification
2018-09-09,Aruba,Bermuda,3.0,1.0,True,CONCACAF Nations League qualification
2018-09-09,Jamaica,Cayman Islands,4.0,0.0,False,CONCACAF Nations League qualification
2018-09-09,Saint Kitts and Nevis,Puerto Rico,1.0,0.0,False,CONCACAF Nations League qualification
2018-09-10,Portugal,Italy,1.0,0.0,False,UEFA Nations League
2018-09-10,Sweden,Turkey,2.0,3.0,False,UEFA Nations League
2018-09-10,Scotland,Albania,2.0,0.0,False,UEFA Nations League
2018-09-10,Montenegro,Lithuania,2.0,0.0,False,UEFA Nations League
2018-09-10,Serbia,Romania,2.0,2.0,False,UEFA Nations League
2018-09-10,Andorra,Kazakhstan,1.0,1.0,False,UEFA Nations League
2018-09-10,Kosovo,Faroe Islands,2.0,0.0,False,UEFA Nations League
2018-09-10,Malta,Azerbaijan,1.0,1.0,False,UEFA Nations League
2018-09-10,Haiti,Sint Maarten,13.0,0.0,False,CONCACAF Nations League qualification
2018-09-10,Curaçao,Grenada,10.0,0.0,False,CONCACAF Nations League qualification
2018-09-11,Iceland,Belgium,0.0,3.0,False,UEFA Nations League
2018-09-11,Spain,Croatia,6.0,0.0,False,UEFA Nations League
2018-09-11,Bosnia and Herzegovina,Austria,1.0,0.0,False,UEFA Nations League
2018-09-11,Hungary,Greece,2.0,1.0,False,UEFA Nations League
2018-09-11,Finland,Estonia,1.0,0.0,False,UEFA Nations League
2018-09-11,San Marino,Luxembourg,0.0,3.0,False,UEFA Nations League
2018-09-11,Moldova,Belarus,0.0,0.0,False,UEFA Nations League
2018-09-11,Saint Martin,Guadeloupe,0.0,3.0,True,CONCACAF Nations League qualification
2018-10-11,Poland,Portugal,2.0,3.0,False,UEFA Nations League
2018-10-11,Russia,Sweden,0.0,0.0,False,UEFA Nations League
2018-10-11,Israel,Scotland,2.0,1.0,False,UEFA Nations League
2018-10-11,Montenegro,Serbia,0.0,2.0,False,UEFA Nations League
2018-10-11,Lithuania,Romania,1.0,2.0,False,UEFA Nations League
2018-10-11,Faroe Islands,Azerbaijan,0.0,3.0,False,UEFA Nations League
2018-10-11,Kosovo,Malta,3.0,1.0,False,UEFA Nations League
2018-10-11,French Guiana,Saint Vincent and the Grenadines,0.0,1.0,False,CONCACAF Nations League qualification
2018-10-12,Belgium,Switzerland,2.0,1.0,False,UEFA Nations League
2018-10-12,Croatia,England,0.0,0.0,False,UEFA Nations League
2018-10-12,Austria,Northern Ireland,1.0,0.0,False,UEFA Nations League
2018-10-12,Estonia,Finland,0.0,1.0,False,UEFA Nations League
2018-10-12,Greece,Hungary,1.0,0.0,False,UEFA Nations League
2018-10-12,Belarus,Luxembourg,1.0,0.0,False,UEFA Nations League
2018-10-12,Moldova,San Marino,2.0,0.0,False,UEFA Nations League
2018-10-12,United States Virgin Islands,Curaçao,0.0,5.0,True,CONCACAF Nations League qualification
2018-10-12,Bahamas,Antigua and Barbuda,0.0,6.0,False,CONCACAF Nations League qualification
2018-10-12,Dominican Republic,Cayman Islands,3.0,0.0,False,CONCACAF Nations League qualification
2018-10-12,Bermuda,Sint Maarten,12.0,0.0,False,CONCACAF Nations League qualification
2018-10-12,Grenada,Cuba,0.0,2.0,False,CONCACAF Nations League qualification
2018-10-13,Netherlands,Germany,3.0,0.0,False,UEFA Nations League
2018-10-13,Slovakia,Czech Republic,1.0,2.0,False,UEFA Nations League
2018-10-13,Republic of Ireland,Denmark,0.0,0.0,False,UEFA Nations League
2018-10-13,Norway,Slovenia,1.0,0.0,False,UEFA Nations League
2018-10-13,Bulgaria,Cyprus,2.0,1.0,False,UEFA Nations League
2018-10-13,Latvia,Kazakhstan,1.0,1.0,False,UEFA Nations League
2018-10-13,Georgia,Andorra,3.0,0.0,False,UEFA Nations League
2018-10-13,Armenia,Gibraltar,0.0,1.0,False,UEFA Nations League
2018-10-13,North Macedonia,Liechtenstein,4.0,1.0,False,UEFA Nations League
2018-10-13,Puerto Rico,Martinique,0.0,1.0,False,CONCACAF Nations League qualification
2018-10-13,Turks and Caicos Islands,Guyana,0.0,8.0,False,CONCACAF Nations League qualification
2018-10-13,Suriname,British Virgin Islands,5.0,0.0,False,CONCACAF Nations League qualification
2018-10-13,El Salvador,Barbados,3.0,0.0,False,CONCACAF Nations League qualification
2018-10-14,Poland,Italy,0.0,1.0,False,UEFA Nations League
2018-10-14,Russia,Turkey,2.0,0.0,False,UEFA Nations League
2018-10-14,Israel,Albania,2.0,0.0,False,UEFA Nations League
2018-10-14,Romania,Serbia,0.0,0.0,False,UEFA Nations League
2018-10-14,Lithuania,Montenegro,1.0,4.0,False,UEFA Nations League
2018-10-14,Faroe Islands,Kosovo,1.0,1.0,False,UEFA Nations League
2018-10-14,Azerbaijan,Malta,1.0,1.0,False,UEFA Nations League
2018-10-14,Saint Martin,Saint Kitts and Nevis,0.0,10.0,True,CONCACAF Nations League qualification
2018-10-14,Bonaire,Jamaica,0.0,6.0,True,CONCACAF Nations League qualification
2018-10-14,Montserrat,Belize,1.0,0.0,False,CONCACAF Nations League qualification
2018-10-14,Nicaragua,Anguilla,6.0,0.0,True,CONCACAF Nations League qualification
2018-10-15,Iceland,Switzerland,1.0,2.0,False,UEFA Nations League
2018-10-15,Spain,England,2.0,3.0,False,UEFA Nations League
2018-10-15,Bosnia and Herzegovina,Northern Ireland,2.0,0.0,False,UEFA Nations League
2018-10-15,Estonia,Hungary,3.0,3.0,False,UEFA Nations League
2018-10-15,Finland,Greece,2.0,0.0,False,UEFA Nations League
2018-10-15,Luxembourg,San Marino,3.0,0.0,False,UEFA Nations League
2018-10-15,Belarus,Moldova,0.0,0.0,False,UEFA Nations League
2018-10-16,France,Germany,2.0,1.0,False,UEFA Nations League
2018-10-16,Ukraine,Czech Republic,1.0,0.0,False,UEFA Nations League
2018-10-16,Republic of Ireland,Wales,0.0,1.0,False,UEFA Nations League
2018-10-16,Norway,Bulgaria,1.0,0.0,False,UEFA Nations League
2018-10-16,Slovenia,Cyprus,1.0,1.0,False,UEFA Nations League
2018-10-16,Kazakhstan,Andorra,4.0,0.0,False,UEFA Nations League
2018-10-16,Latvia,Georgia,0.0,3.0,False,UEFA Nations League
2018-10-16,Armenia,North Macedonia,4.0,0.0,False,UEFA Nations League
2018-10-16,Gibraltar,Liechtenstein,2.0,1.0,False,UEFA Nations League
2018-10-16,Martinique,British Virgin Islands,4.0,0.0,False,CONCACAF Nations League qualification
2018-10-16,Canada,Dominica,5.0,0.0,False,CONCACAF Nations League qualification
2018-10-16,Guadeloupe,Aruba,0.0,0.0,False,CONCACAF Nations League qualification
2018-10-16,Saint Lucia,Haiti,1.0,2.0,True,CONCACAF Nations League qualification
2018-11-15,Belgium,Iceland,2.0,0.0,False,UEFA Nations League
2018-11-15,Croatia,Spain,3.0,2.0,False,UEFA Nations League
2018-11-15,Austria,Bosnia and Herzegovina,0.0,0.0,False,UEFA Nations League
2018-11-15,Hungary,Estonia,2.0,0.0,False,UEFA Nations League
2018-11-15,Greece,Finland,1.0,0.0,False,UEFA Nations League
2018-11-15,Andorra,Georgia,1.0,1.0,False,UEFA Nations League
2018-11-15,Kazakhstan,Latvia,1.0,1.0,False,UEFA Nations League
2018-11-15,Luxembourg,Belarus,0.0,2.0,False,UEFA Nations League
2018-11-15,San Marino,Moldova,0.0,1.0,False,UEFA Nations League
2018-11-16,Netherlands,France,2.0,0.0,False,UEFA Nations League
2018-11-16,Slovakia,Ukraine,4.0,1.0,False,UEFA Nations League
2018-11-16,Wales,Denmark,1.0,2.0,False,UEFA Nations League
2018-11-16,Slovenia,Norway,1.0,1.0,False,UEFA Nations League
2018-11-16,Cyprus,Bulgaria,1.0,1.0,False,UEFA Nations League
2018-11-16,Gibraltar,Armenia,2.0,6.0,False,UEFA Nations League
2018-11-16,Liechtenstein,North Macedonia,0.0,2.0,False,UEFA Nations League
2018-11-16,Grenada,Saint Martin,5.0,2.0,False,CONCACAF Nations League qualification
2018-11-16,Bermuda,El Salvador,1.0,0.0,False,CONCACAF Nations League qualification
2018-11-16,Aruba,Montserrat,0.0,2.0,True,CONCACAF Nations League qualification
2018-11-16,Belize,Puerto Rico,1.0,0.0,False,CONCACAF Nations League qualification
2018-11-17,Italy,Portugal,0.0,0.0,False,UEFA Nations League
2018-11-17,Turkey,Sweden,0.0,1.0,False,UEFA Nations League
2018-11-17,Albania,Scotland,0.0,4.0,False,UEFA Nations League
2018-11-17,Serbia,Montenegro,2.0,1.0,False,UEFA Nations League
2018-11-17,Romania,Lithuania,3.0,0.0,False,UEFA Nations League
2018-11-17,Malta,Kosovo,0.0,5.0,False,UEFA Nations League
2018-11-17,Azerbaijan,Faroe Islands,2.0,0.0,False,UEFA Nations League
2018-11-17,Cuba,Dominican Republic,1.0,0.0,False,CONCACAF Nations League qualification
2018-11-17,Jamaica,Suriname,2.0,1.0,False,CONCACAF Nations League qualification
2018-11-17,Cayman Islands,Saint Lucia,0.0,0.0,False,CONCACAF Nations League qualification
2018-11-17,Nicaragua,Haiti,0.0,2.0,False,CONCACAF Nations League qualification
2018-11-18,Switzerland,Belgium,5.0,2.0,False,UEFA Nations League
2018-11-18,England,Croatia,2.0,1.0,False,UEFA Nations League
2018-11-18,Northern Ireland,Austria,1.0,2.0,False,UEFA Nations League
2018-11-18,Greece,Estonia,0.0,1.0,False,UEFA Nations League
2018-11-18,Hungary,Finland,2.0,0.0,False,UEFA Nations League
2018-11-18,San Marino,Belarus,0.0,2.0,False,UEFA Nations League
2018-11-18,Moldova,Luxembourg,1.0,1.0,False,UEFA Nations League
2018-11-18,Turks and Caicos Islands,Saint Vincent and the Grenadines,3.0,2.0,False,CONCACAF Nations League qualification
2018-11-18,Bahamas,Anguilla,1.0,1.0,False,CONCACAF Nations League qualification
2018-11-18,Barbados,United States Virgin Islands,3.0,0.0,False,CONCACAF Nations League qualification
2018-11-18,Saint Kitts and Nevis,Canada,0.0,1.0,False,CONCACAF Nations League qualification
2018-11-19,Germany,Netherlands,2.0,2.0,False,UEFA Nations League
2018-11-19,Czech Republic,Slovakia,1.0,0.0,False,UEFA Nations League
2018-11-19,Denmark,Republic of Ireland,0.0,0.0,False,UEFA Nations League
2018-11-19,Bulgaria,Slovenia,1.0,1.0,False,UEFA Nations League
2018-11-19,Cyprus,Norway,0.0,2.0,False,UEFA Nations League
2018-11-19,Andorra,Latvia,0.0,0.0,False,UEFA Nations League
2018-11-19,Georgia,Kazakhstan,2.0,1.0,False,UEFA Nations League
2018-11-19,North Macedonia,Gibraltar,4.0,0.0,False,UEFA Nations League
2018-11-19,Liechtenstein,Armenia,2.0,2.0,False,UEFA Nations League
2018-11-19,Curaçao,Guadeloupe,6.0,0.0,False,CONCACAF Nations League qualification
2018-11-19,Martinique,Antigua and Barbuda,4.0,2.0,False,CONCACAF Nations League qualification
2018-11-20,Portugal,Poland,1.0,1.0,False,UEFA Nations League
2018-11-20,Sweden,Russia,2.0,0.0,False,UEFA Nations League
2018-11-20,Scotland,Israel,3.0,2.0,False,UEFA Nations League
2018-11-20,Montenegro,Romania,0.0,1.0,False,UEFA Nations League
2018-11-20,Serbia,Lithuania,4.0,1.0,False,UEFA Nations League
2018-11-20,Kosovo,Azerbaijan,4.0,0.0,False,UEFA Nations League
2018-11-20,Malta,Faroe Islands,1.0,1.0,False,UEFA Nations League
2018-11-20,Sint Maarten,Dominica,0.0,2.0,True,CONCACAF Nations League qualification
2018-11-20,French Guiana,Guyana,2.0,1.0,False,CONCACAF Nations League qualification
2019-03-21,British Virgin Islands,Turks and Caicos Islands,2.0,2.0,True,CONCACAF Nations League qualification
2019-03-22,Anguilla,United States Virgin Islands,0.0,3.0,False,CONCACAF Nations League qualification
2019-03-22,Saint Vincent and the Grenadines,Bonaire,2.0,1.0,False,CONCACAF Nations League qualification
2019-03-22,Cayman Islands,Montserrat,1.0,2.0,False,CONCACAF Nations League qualification
2019-03-22,Saint Lucia,Aruba,3.0,2.0,True,CONCACAF Nations League qualification
2019-03-23,Dominica,Bahamas,4.0,0.0,False,CONCACAF Nations League qualification
2019-03-23,Sint Maarten,Saint Martin,4.0,3.0,True,CONCACAF Nations League qualification
2019-03-23,Antigua and Barbuda,Curaçao,2.0,1.0,False,CONCACAF Nations League qualification
2019-03-23,Guyana,Belize,2.0,1.0,False,CONCACAF Nations League qualification
2019-03-23,Suriname,Saint Kitts and Nevis,2.0,0.0,False,CONCACAF Nations League qualification
2019-03-23,Guadeloupe,Martinique,0.0,1.0,False,CONCACAF Nations League qualification
2019-03-24,British Virgin Islands,Bonaire,1.0,2.0,True,CONCACAF Nations League qualification
2019-03-24,Puerto Rico,Grenada,0.0,2.0,False,CONCACAF Nations League qualification
2019-03-24,Canada,French Guiana,4.0,1.0,False,CONCACAF Nations League qualification
2019-03-24,Dominican Republic,Bermuda,1.0,3.0,False,CONCACAF Nations League qualification
2019-03-24,Haiti,Cuba,2.0,1.0,False,CONCACAF Nations League qualification
2019-03-24,Barbados,Nicaragua,0.0,1.0,False,CONCACAF Nations League qualification
2019-03-24,El Salvador,Jamaica,2.0,0.0,False,CONCACAF Nations League qualification
2019-06-05,Portugal,Switzerland,3.0,1.0,False,UEFA Nations League
2019-06-06,England,Netherlands,1.0,3.0,True,UEFA Nations League
2019-06-09,Switzerland,England,0.0,0.0,True,UEFA Nations League
2019-06-09,Portugal,Netherlands,1.0,0.0,False,UEFA Nations League
2019-09-05,Bermuda,Panama,1.0,4.0,False,CONCACAF Nations League
2019-09-05,Grenada,Saint Kitts and Nevis,2.0,1.0,False,CONCACAF Nations League
2019-09-05,French Guiana,Belize,3.0,0.0,False,CONCACAF Nations League
2019-09-05,Dominica,Suriname,1.0,2.0,False,CONCACAF Nations League
2019-09-05,United States Virgin Islands,Cayman Islands,0.0,2.0,False,CONCACAF Nations League
2019-09-05,Barbados,Saint Martin,4.0,0.0,False,CONCACAF Nations League
2019-09-05,Guatemala,Anguilla,10.0,0.0,False,CONCACAF Nations League
2019-09-06,Martinique,Trinidad and Tobago,1.0,1.0,False,CONCACAF Nations League
2019-09-06,Aruba,Guyana,0.0,1.0,True,CONCACAF Nations League
2019-09-06,Jamaica,Antigua and Barbuda,6.0,0.0,False,CONCACAF Nations League
2019-09-06,Nicaragua,Saint Vincent and the Grenadines,1.0,1.0,False,CONCACAF Nations League
2019-09-06,Bonaire,British Virgin Islands,4.0,2.0,True,CONCACAF Nations League
2019-09-07,Canada,Cuba,6.0,0.0,False,CONCACAF Nations League
2019-09-07,Curaçao,Haiti,1.0,0.0,False,CONCACAF Nations League
2019-09-07,Montserrat,Dominican Republic,2.0,1.0,False,CONCACAF Nations League
2019-09-07,El Salvador,Saint Lucia,3.0,0.0,False,CONCACAF Nations League
2019-09-07,Guadeloupe,Sint Maarten,5.0,1.0,False,CONCACAF Nations League
2019-09-08,Panama,Bermuda,0.0,2.0,False,CONCACAF Nations League
2019-09-08,Belize,Grenada,1.0,2.0,False,CONCACAF Nations League
2019-09-08,Saint Kitts and Nevis,French Guiana,2.0,2.0,False,CONCACAF Nations League
2019-09-08,Saint Vincent and the Grenadines,Dominica,1.0,0.0,False,CONCACAF Nations League
2019-09-08,Suriname,Nicaragua,6.0,0.0,False,CONCACAF Nations League
2019-09-08,Saint Martin,United States Virgin Islands,1.0,2.0,True,CONCACAF Nations League
2019-09-08,Cayman Islands,Barbados,3.0,2.0,False,CONCACAF Nations League
2019-09-09,Trinidad and Tobago,Martinique,2.0,2.0,False,CONCACAF Nations League
2019-09-09,Antigua and Barbuda,Aruba,2.0,1.0,False,CONCACAF Nations League
2019-09-09,Guyana,Jamaica,0.0,4.0,False,CONCACAF Nations League
2019-09-09,Bahamas,Bonaire,2.0,1.0,False,CONCACAF Nations League
2019-09-10,Cuba,Canada,0.0,1.0,True,CONCACAF Nations League
2019-09-10,Haiti,Curaçao,1.0,1.0,False,CONCACAF Nations League
2019-09-10,Montserrat,Saint Lucia,1.0,1.0,False,CONCACAF Nations League
2019-09-10,Dominican Republic,El Salvador,1.0,0.0,False,CONCACAF Nations League
2019-09-10,Puerto Rico,Guatemala,0.0,5.0,False,CONCACAF Nations League
2019-09-10,Turks and Caicos Islands,Guadeloupe,0.0,3.0,False,CONCACAF Nations League
2019-10-10,Trinidad and Tobago,Honduras,0.0,2.0,False,CONCACAF Nations League
2019-10-10,Haiti,Costa Rica,1.0,1.0,False,CONCACAF Nations League
2019-10-10,Belize,Saint Kitts and Nevis,0.0,4.0,False,CONCACAF Nations League
2019-10-10,French Guiana,Grenada,0.0,0.0,False,CONCACAF Nations League
2019-10-10,British Virgin Islands,Bahamas,0.0,4.0,True,CONCACAF Nations League
2019-10-10,Sint Maarten,Turks and Caicos Islands,2.0,5.0,True,CONCACAF Nations League
2019-10-11,United States,Cuba,7.0,0.0,False,CONCACAF Nations League
2019-10-11,Bermuda,Mexico,1.0,5.0,False,CONCACAF Nations League
2019-10-11,Antigua and Barbuda,Guyana,2.0,1.0,False,CONCACAF Nations League
2019-10-11,Saint Vincent and the Grenadines,Suriname,2.0,2.0,False,CONCACAF Nations League
2019-10-11,Nicaragua,Dominica,3.0,1.0,False,CONCACAF Nations League
2019-10-12,Dominican Republic,Saint Lucia,3.0,0.0,False,CONCACAF Nations League
2019-10-12,Montserrat,El Salvador,0.0,2.0,False,CONCACAF Nations League
2019-10-12,Jamaica,Aruba,2.0,0.0,False,CONCACAF Nations League
2019-10-12,Barbados,United States Virgin Islands,1.0,0.0,False,CONCACAF Nations League
2019-10-12,Saint Martin,Cayman Islands,3.0,0.0,True,CONCACAF Nations League
2019-10-12,Anguilla,Guatemala,0.0,5.0,False,CONCACAF Nations League
2019-10-13,Honduras,Martinique,1.0,0.0,False,CONCACAF Nations League
2019-10-13,Costa Rica,Curaçao,0.0,0.0,False,CONCACAF Nations League
2019-10-13,Saint Kitts and Nevis,Belize,0.0,1.0,False,CONCACAF Nations League
2019-10-13,Grenada,French Guiana,1.0,0.0,False,CONCACAF Nations League
2019-10-13,British Virgin Islands,Bonaire,3.0,4.0,True,CONCACAF Nations League
2019-10-14,Guyana,Antigua and Barbuda,5.0,1.0,False,CONCACAF Nations League
2019-10-14,Dominica,Nicaragua,0.0,4.0,False,CONCACAF Nations League
2019-10-14,Suriname,Saint Vincent and the Grenadines,0.0,1.0,False,CONCACAF Nations League
2019-10-14,Sint Maarten,Guadeloupe,1.0,2.0,True,CONCACAF Nations League
2019-10-15,Canada,United States,2.0,0.0,False,CONCACAF Nations League
2019-10-15,Mexico,Panama,3.0,1.0,False,CONCACAF Nations League
2019-10-15,Dominican Republic,Montserrat,0.0,0.0,False,CONCACAF Nations League
2019-10-15,Saint Lucia,El Salvador,0.0,2.0,False,CONCACAF Nations League
2019-10-15,Aruba,Jamaica,0.0,6.0,True,CONCACAF Nations League
2019-10-15,Cayman Islands,Saint Martin,1.0,0.0,False,CONCACAF Nations League
2019-10-15,United States Virgin Islands,Barbados,0.0,4.0,False,CONCACAF Nations League
2019-10-15,Anguilla,Puerto Rico,2.0,3.0,False,CONCACAF Nations League
2019-11-14,Martinique,Honduras,1.0,1.0,False,CONCACAF Nations League
2019-11-14,Curaçao,Costa Rica,1.0,2.0,False,CONCACAF Nations League
2019-11-14,Saint Kitts and Nevis,Grenada,0.0,0.0,False,CONCACAF Nations League
2019-11-14,Belize,French Guiana,2.0,0.0,False,CONCACAF Nations League
2019-11-14,Bahamas,British Virgin Islands,3.0,0.0,False,CONCACAF Nations League
2019-11-14,Turks and Caicos Islands,Sint Maarten,3.0,2.0,False,CONCACAF Nations League
2019-11-15,United States,Canada,4.0,1.0,False,CONCACAF Nations League
2019-11-15,Panama,Mexico,0.0,3.0,False,CONCACAF Nations League
2019-11-15,Antigua and Barbuda,Jamaica,0.0,2.0,False,CONCACAF Nations League
2019-11-15,Guyana,Aruba,4.0,2.0,False,CONCACAF Nations League
2019-11-15,Saint Vincent and the Grenadines,Nicaragua,1.0,0.0,False,CONCACAF Nations League
2019-11-15,Suriname,Dominica,4.0,0.0,False,CONCACAF Nations League
2019-11-16,Saint Lucia,Dominican Republic,1.0,0.0,False,CONCACAF Nations League
2019-11-16,El Salvador,Montserrat,1.0,0.0,False,CONCACAF Nations League
2019-11-16,Saint Martin,Barbados,1.0,0.0,True,CONCACAF Nations League
2019-11-16,Cayman Islands,United States Virgin Islands,1.0,0.0,False,CONCACAF Nations League
2019-11-16,Guatemala,Puerto Rico,5.0,0.0,False,CONCACAF Nations League
2019-11-17,Honduras,Trinidad and Tobago,4.0,0.0,False,CONCACAF Nations League
2019-11-17,Costa Rica,Haiti,1.0,1.0,False,CONCACAF Nations League
2019-11-17,Grenada,Belize,3.0,2.0,False,CONCACAF Nations League
2019-11-17,French Guiana,Saint Kitts and Nevis,3.0,1.0,False,CONCACAF Nations League
2019-11-17,Bonaire,Bahamas,1.0,1.0,True,CONCACAF Nations League
2019-11-17,Guadeloupe,Turks and Caicos Islands,10.0,0.0,False,CONCACAF Nations League
2019-11-18,Jamaica,Guyana,1.0,1.0,False,CONCACAF Nations League
2019-11-18,Aruba,Antigua and Barbuda,2.0,3.0,True,CONCACAF Nations League
2019-11-18,Nicaragua,Suriname,1.0,2.0,False,CONCACAF Nations League
2019-11-18,Dominica,Saint Vincent and the Grenadines,1.0,0.0,False,CONCACAF Nations League
2019-11-19,Cuba,United States,0.0,4.0,True,CONCACAF Nations League
2019-11-19,Mexico,Bermuda,2.0,1.0,False,CONCACAF Nations League
2019-11-19,El Salvador,Dominican Republic,2.0,0.0,False,CONCACAF Nations League
2019-11-19,Saint Lucia,Montserrat,0.0,1.0,False,CONCACAF Nations League
2019-11-19,Barbados,Cayman Islands,3.0,0.0,False,CONCACAF Nations League
2019-11-19,United States Virgin Islands,Saint Martin,1.0,2.0,False,CONCACAF Nations League
2019-11-19,Puerto Rico,Anguilla,3.0,0.0,False,CONCACAF Nations League
2020-09-03,Germany,Spain,1.0,1.0,False,UEFA Nations League
2020-09-03,Ukraine,Switzerland,2.0,1.0,False,UEFA Nations League
2020-09-03,Russia,Serbia,3.0,1.0,False,UEFA Nations League
2020-09-03,Turkey,Hungary,0.0,1.0,False,UEFA Nations League
2020-09-03,Bulgaria,Republic of Ireland,1.0,1.0,False,UEFA Nations League
2020-09-03,Finland,Wales,0.0,1.0,False,UEFA Nations League
2020-09-03,Moldova,Kosovo,1.0,1.0,True,UEFA Nations League
2020-09-03,Slovenia,Greece,0.0,0.0,False,UEFA Nations League
2020-09-03,Latvia,Andorra,0.0,0.0,False,UEFA Nations League
2020-09-03,Faroe Islands,Malta,3.0,2.0,False,UEFA Nations League
2020-09-04,Italy,Bosnia and Herzegovina,1.0,1.0,False,UEFA Nations League
2020-09-04,Netherlands,Poland,1.0,0.0,False,UEFA Nations League
2020-09-04,Norway,Austria,1.0,2.0,False,UEFA Nations League
2020-09-04,Romania,Northern Ireland,1.0,1.0,False,UEFA Nations League
2020-09-04,Scotland,Israel,1.0,1.0,False,UEFA Nations League
2020-09-04,Slovakia,Czech Republic,1.0,3.0,False,UEFA Nations League
2020-09-04,Lithuania,Kazakhstan,0.0,2.0,False,UEFA Nations League
2020-09-04,Belarus,Albania,0.0,2.0,False,UEFA Nations League
2020-09-05,Iceland,England,0.0,1.0,False,UEFA Nations League
2020-09-05,Denmark,Belgium,0.0,2.0,False,UEFA Nations League
2020-09-05,Portugal,Croatia,4.0,1.0,False,UEFA Nations League
2020-09-05,Sweden,France,0.0,1.0,False,UEFA Nations League
2020-09-05,Cyprus,Montenegro,0.0,2.0,False,UEFA Nations League
2020-09-05,Azerbaijan,Luxembourg,1.0,2.0,False,UEFA Nations League
2020-09-05,North Macedonia,Armenia,2.0,1.0,False,UEFA Nations League
2020-09-05,Estonia,Georgia,0.0,1.0,False,UEFA Nations League
2020-09-05,Gibraltar,San Marino,1.0,0.0,False,UEFA Nations League
2020-09-06,Spain,Ukraine,4.0,0.0,False,UEFA Nations League
2020-09-06,Switzerland,Germany,1.0,1.0,False,UEFA Nations League
2020-09-06,Hungary,Russia,2.0,3.0,False,UEFA Nations League
2020-09-06,Serbia,Turkey,0.0,0.0,False,UEFA Nations League
2020-09-06,Wales,Bulgaria,1.0,0.0,False,UEFA Nations League
2020-09-06,Republic of Ireland,Finland,0.0,1.0,False,UEFA Nations League
2020-09-06,Slovenia,Moldova,1.0,0.0,False,UEFA Nations League
2020-09-06,Kosovo,Greece,1.0,2.0,False,UEFA Nations League
2020-09-06,Andorra,Faroe Islands,0.0,1.0,False,UEFA Nations League
2020-09-06,Malta,Latvia,1.0,1.0,False,UEFA Nations League
2020-09-07,Bosnia and Herzegovina,Poland,1.0,2.0,False,UEFA Nations League
2020-09-07,Netherlands,Italy,0.0,1.0,False,UEFA Nations League
2020-09-07,Northern Ireland,Norway,1.0,5.0,False,UEFA Nations League
2020-09-07,Austria,Romania,2.0,3.0,False,UEFA Nations League
2020-09-07,Czech Republic,Scotland,1.0,2.0,False,UEFA Nations League
2020-09-07,Israel,Slovakia,1.0,1.0,False,UEFA Nations League
2020-09-07,Kazakhstan,Belarus,1.0,2.0,False,UEFA Nations League
2020-09-07,Albania,Lithuania,0.0,1.0,False,UEFA Nations League
2020-09-08,Belgium,Iceland,5.0,1.0,False,UEFA Nations League
2020-09-08,Denmark,England,0.0,0.0,False,UEFA Nations League
2020-09-08,France,Croatia,4.0,2.0,False,UEFA Nations League
2020-09-08,Sweden,Portugal,0.0,2.0,False,UEFA Nations League
2020-09-08,Luxembourg,Montenegro,0.0,1.0,False,UEFA Nations League
2020-09-08,Cyprus,Azerbaijan,0.0,1.0,False,UEFA Nations League
2020-09-08,Armenia,Estonia,2.0,0.0,False,UEFA Nations League
2020-09-08,Georgia,North Macedonia,1.0,1.0,False,UEFA Nations League
2020-09-08,San Marino,Liechtenstein,0.0,2.0,True,UEFA Nations League
2020-10-10,Spain,Switzerland,1.0,0.0,False,UEFA Nations League
2020-10-10,Ukraine,Germany,1.0,2.0,False,UEFA Nations League
2020-10-10,Luxembourg,Cyprus,2.0,0.0,False,UEFA Nations League
2020-10-10,Montenegro,Azerbaijan,2.0,0.0,False,UEFA Nations League
2020-10-10,Faroe Islands,Latvia,1.0,1.0,False,UEFA Nations League
2020-10-10,Andorra,Malta,0.0,0.0,False,UEFA Nations League
2020-10-10,Liechtenstein,Gibraltar,0.0,1.0,False,UEFA Nations League
2020-10-11,Bosnia and Herzegovina,Netherlands,0.0,0.0,False,UEFA Nations League
2020-10-11,Poland,Italy,0.0,0.0,False,UEFA Nations League
2020-10-11,England,Belgium,2.0,1.0,False,UEFA Nations League
2020-10-11,Iceland,Denmark,0.0,3.0,False,UEFA Nations League
2020-10-11,Croatia,Sweden,2.0,1.0,False,UEFA Nations League
2020-10-11,France,Portugal,0.0,0.0,False,UEFA Nations League
2020-10-11,Norway,Romania,4.0,0.0,False,UEFA Nations League
2020-10-11,Northern Ireland,Austria,0.0,1.0,False,UEFA Nations League
2020-10-11,Scotland,Slovakia,1.0,0.0,False,UEFA Nations League
2020-10-11,Israel,Czech Republic,1.0,2.0,False,UEFA Nations League
2020-10-11,Serbia,Hungary,0.0,1.0,False,UEFA Nations League
2020-10-11,Russia,Turkey,1.0,1.0,False,UEFA Nations League
2020-10-11,Republic of Ireland,Wales,0.0,0.0,False,UEFA Nations League
2020-10-11,Finland,Bulgaria,2.0,0.0,False,UEFA Nations League
2020-10-11,Armenia,Georgia,2.0,2.0,True,UEFA Nations League
2020-10-11,Estonia,North Macedonia,3.0,3.0,False,UEFA Nations League
2020-10-11,Kosovo,Slovenia,0.0,1.0,False,UEFA Nations League
2020-10-11,Greece,Moldova,2.0,0.0,False,UEFA Nations League
2020-10-11,Kazakhstan,Albania,0.0,0.0,False,UEFA Nations League
2020-10-11,Lithuania,Belarus,2.0,2.0,False,UEFA Nations League
2020-10-13,Germany,Switzerland,3.0,3.0,False,UEFA Nations League
2020-10-13,Ukraine,Spain,1.0,0.0,False,UEFA Nations League
2020-10-13,Azerbaijan,Cyprus,0.0,0.0,True,UEFA Nations League
2020-10-13,Montenegro,Luxembourg,1.0,2.0,False,UEFA Nations League
2020-10-13,Latvia,Malta,0.0,1.0,False,UEFA Nations League
2020-10-13,Faroe Islands,Andorra,2.0,0.0,False,UEFA Nations League
2020-10-13,Liechtenstein,San Marino,0.0,0.0,False,UEFA Nations League
2020-10-14,Italy,Netherlands,1.0,1.0,False,UEFA Nations League
2020-10-14,Poland,Bosnia and Herzegovina,3.0,0.0,False,UEFA Nations League
2020-10-14,Iceland,Belgium,1.0,2.0,False,UEFA Nations League
2020-10-14,England,Denmark,0.0,1.0,False,UEFA Nations League
2020-10-14,Portugal,Sweden,3.0,0.0,False,UEFA Nations League
2020-10-14,Croatia,France,1.0,2.0,False,UEFA Nations League
2020-10-14,Norway,Northern Ireland,1.0,0.0,False,UEFA Nations League
2020-10-14,Romania,Austria,0.0,1.0,False,UEFA Nations League
2020-10-14,Scotland,Czech Republic,1.0,0.0,False,UEFA Nations League
2020-10-14,Slovakia,Israel,2.0,3.0,False,UEFA Nations League
2020-10-14,Russia,Hungary,0.0,0.0,False,UEFA Nations League
2020-10-14,Turkey,Serbia,2.0,2.0,False,UEFA Nations League
2020-10-14,Finland,Republic of Ireland,1.0,0.0,False,UEFA Nations League
2020-10-14,Bulgaria,Wales,0.0,1.0,False,UEFA Nations League
2020-10-14,North Macedonia,Georgia,1.0,1.0,False,UEFA Nations League
2020-10-14,Estonia,Armenia,1.0,1.0,False,UEFA Nations League
2020-10-14,Greece,Kosovo,0.0,0.0,False,UEFA Nations League
2020-10-14,Moldova,Slovenia,0.0,4.0,False,UEFA Nations League
2020-10-14,Lithuania,Albania,0.0,0.0,False,UEFA Nations League
2020-10-14,Belarus,Kazakhstan,2.0,0.0,False,UEFA Nations League
2020-11-14,Portugal,France,0.0,1.0,False,UEFA Nations League
2020-11-14,Sweden,Croatia,2.0,1.0,False,UEFA Nations League
2020-11-14,Germany,Ukraine,3.0,1.0,False,UEFA Nations League
2020-11-14,Switzerland,Spain,1.0,1.0,False,UEFA Nations League
2020-11-14,Azerbaijan,Montenegro,0.0,0.0,True,UEFA Nations League
2020-11-14,Cyprus,Luxembourg,2.0,1.0,False,UEFA Nations League
2020-11-14,Malta,Andorra,3.0,1.0,False,UEFA Nations League
2020-11-14,Latvia,Faroe Islands,1.0,1.0,False,UEFA Nations League
2020-11-14,San Marino,Gibraltar,0.0,0.0,False,UEFA Nations League
2020-11-15,Netherlands,Bosnia and Herzegovina,3.0,1.0,False,UEFA Nations League
2020-11-15,Italy,Poland,2.0,0.0,False,UEFA Nations League
2020-11-15,Belgium,England,2.0,0.0,False,UEFA Nations League
2020-11-15,Denmark,Iceland,2.0,1.0,False,UEFA Nations League
2020-11-15,Austria,Northern Ireland,2.0,1.0,False,UEFA Nations League
2020-11-15,Romania,Norway,3.0,0.0,False,UEFA Nations League
2020-11-15,Slovakia,Scotland,1.0,0.0,False,UEFA Nations League
2020-11-15,Czech Republic,Israel,1.0,0.0,False,UEFA Nations League
2020-11-15,Turkey,Russia,3.0,2.0,False,UEFA Nations League
2020-11-15,Hungary,Serbia,1.0,1.0,False,UEFA Nations League
2020-11-15,Wales,Republic of Ireland,1.0,0.0,False,UEFA Nations League
2020-11-15,Bulgaria,Finland,1.0,2.0,False,UEFA Nations League
2020-11-15,North Macedonia,Estonia,2.0,1.0,False,UEFA Nations League
2020-11-15,Georgia,Armenia,1.0,2.0,False,UEFA Nations League
2020-11-15,Slovenia,Kosovo,2.0,1.0,False,UEFA Nations League
2020-11-15,Moldova,Greece,0.0,2.0,False,UEFA Nations League
2020-11-15,Albania,Kazakhstan,3.0,1.0,False,UEFA Nations League
2020-11-15,Belarus,Lithuania,2.0,0.0,False,UEFA Nations League
2020-11-17,Croatia,Portugal,2.0,3.0,False,UEFA Nations League
2020-11-17,France,Sweden,4.0,2.0,False,UEFA Nations League
2020-11-17,Spain,Germany,6.0,0.0,False,UEFA Nations League
2020-11-17,Switzerland,Ukraine,3.0,0.0,False,UEFA Nations League
2020-11-17,Luxembourg,Azerbaijan,0.0,0.0,False,UEFA Nations League
2020-11-17,Montenegro,Cyprus,4.0,0.0,False,UEFA Nations League
2020-11-17,Andorra,Latvia,0.0,5.0,False,UEFA Nations League
2020-11-17,Malta,Faroe Islands,1.0,1.0,False,UEFA Nations League
2020-11-17,Gibraltar,Liechtenstein,1.0,1.0,False,UEFA Nations League
2020-11-18,Bosnia and Herzegovina,Italy,0.0,2.0,False,UEFA Nations League
2020-11-18,Poland,Netherlands,1.0,2.0,False,UEFA Nations League
2020-11-18,England,Iceland,4.0,0.0,False,UEFA Nations League
2020-11-18,Belgium,Denmark,4.0,2.0,False,UEFA Nations League
2020-11-18,Northern Ireland,Romania,1.0,1.0,False,UEFA Nations League
2020-11-18,Austria,Norway,1.0,1.0,False,UEFA Nations League
2020-11-18,Czech Republic,Slovakia,2.0,0.0,False,UEFA Nations League
2020-11-18,Israel,Scotland,1.0,0.0,False,UEFA Nations League
2020-11-18,Hungary,Turkey,2.0,0.0,False,UEFA Nations League
2020-11-18,Serbia,Russia,5.0,0.0,False,UEFA Nations League
2020-11-18,Republic of Ireland,Bulgaria,0.0,0.0,False,UEFA Nations League
2020-11-18,Wales,Finland,3.0,1.0,False,UEFA Nations League
2020-11-18,Armenia,North Macedonia,1.0,0.0,True,UEFA Nations League
2020-11-18,Georgia,Estonia,0.0,0.0,False,UEFA Nations League
2020-11-18,Kosovo,Moldova,1.0,0.0,False,UEFA Nations League
2020-11-18,Greece,Slovenia,0.0,0.0,False,UEFA Nations League
2020-11-18,Albania,Belarus,3.0,2.0,False,UEFA Nations League
2020-11-18,Kazakhstan,Lithuania,1.0,2.0,False,UEFA Nations League
2021-06-03,Mexico,Costa Rica,0.0,0.0,True,CONCACAF Nations League
2021-06-03,United States,Honduras,1.0,0.0,False,CONCACAF Nations League
2021-06-06,Honduras,Costa Rica,2.0,2.0,True,CONCACAF Nations League
2021-06-06,United States,Mexico,3.0,2.0,False,CONCACAF Nations League
2021-10-06,Italy,Spain,1.0,2.0,False,UEFA Nations League
2021-10-07,Belgium,France,2.0,3.0,True,UEFA Nations League
2021-10-10,Italy,Belgium,2.0,1.0,False,UEFA Nations League
2021-10-10,Spain,France,1.0,2.0,True,UEFA Nations League
2022-03-24,Estonia,Cyprus,0.0,0.0,False,UEFA Nations League
2022-03-24,Moldova,Kazakhstan,1.0,2.0,False,UEFA Nations League
2022-03-29,Cyprus,Estonia,2.0,0.0,False,UEFA Nations League
2022-03-29,Kazakhstan,Moldova,0.0,1.0,False,UEFA Nations League
2022-06-01,Poland,Wales,2.0,1.0,False,UEFA Nations League
2022-06-02,Panama,Costa Rica,2.0,0.0,False,CONCACAF Nations League
2022-06-02,Barbados,Antigua and Barbuda,0.0,1.0,True,CONCACAF Nations League
2022-06-02,Guadeloupe,Cuba,2.0,1.0,False,CONCACAF Nations League
2022-06-02,Belize,Dominican Republic,0.0,2.0,False,CONCACAF Nations League
2022-06-02,French Guiana,Guatemala,2.0,0.0,False,CONCACAF Nations League
2022-06-02,Anguilla,Dominica,0.0,0.0,False,CONCACAF Nations League
2022-06-02,Czech Republic,Switzerland,2.0,1.0,False,UEFA Nations League
2022-06-02,Spain,Portugal,1.0,1.0,False,UEFA Nations League
2022-06-02,Israel,Iceland,2.0,2.0,False,UEFA Nations League
2022-06-02,Serbia,Norway,0.0,1.0,False,UEFA Nations League
2022-06-02,Slovenia,Sweden,0.0,2.0,False,UEFA Nations League
2022-06-02,Northern Ireland,Greece,0.0,1.0,False,UEFA Nations League
2022-06-02,Cyprus,Kosovo,0.0,2.0,False,UEFA Nations League
2022-06-02,Georgia,Gibraltar,4.0,0.0,False,UEFA Nations League
2022-06-02,Bulgaria,North Macedonia,1.0,1.0,False,UEFA Nations League
2022-06-02,Estonia,San Marino,2.0,0.0,False,UEFA Nations League
2022-06-03,Curaçao,Honduras,0.0,1.0,False,CONCACAF Nations League
2022-06-03,Bahamas,Saint Vincent and the Grenadines,1.0,0.0,False,CONCACAF Nations League
2022-06-03,Nicaragua,Trinidad and Tobago,2.0,1.0,False,CONCACAF Nations League
2022-06-03,Sint Maarten,United States Virgin Islands,1.0,1.0,True,CONCACAF Nations League
2022-06-03,Turks and Caicos Islands,Bonaire,1.0,4.0,False,CONCACAF Nations League
2022-06-03,Saint Martin,Aruba,0.0,0.0,True,CONCACAF Nations League
2022-06-03,British Virgin Islands,Cayman Islands,1.0,1.0,False,CONCACAF Nations League
2022-06-03,Croatia,Austria,0.0,3.0,False,UEFA Nations League
2022-06-03,France,Denmark,1.0,2.0,False,UEFA Nations League
2022-06-03,Belgium,Netherlands,1.0,4.0,False,UEFA Nations League
2022-06-03,Kazakhstan,Azerbaijan,2.0,0.0,False,UEFA Nations League
2022-06-03,Belarus,Slovakia,0.0,1.0,True,UEFA Nations League
2022-06-03,Liechtenstein,Moldova,0.0,2.0,False,UEFA Nations League
2022-06-03,Latvia,Andorra,3.0,0.0,False,UEFA Nations League
2022-06-04,Suriname,Jamaica,1.0,1.0,False,CONCACAF Nations League
2022-06-04,El Salvador,Grenada,3.0,1.0,False,CONCACAF Nations League
2022-06-04,Bermuda,Haiti,0.0,0.0,False,CONCACAF Nations League
2022-06-04,Montserrat,Guyana,1.0,2.0,True,CONCACAF Nations League
2022-06-04,Hungary,England,1.0,0.0,False,UEFA Nations League
2022-06-04,Italy,Germany,1.0,1.0,False,UEFA Nations League
2022-06-04,Armenia,Republic of Ireland,1.0,0.0,False,UEFA Nations League
2022-06-04,Finland,Bosnia and Herzegovina,1.0,1.0,False,UEFA Nations League
2022-06-04,Montenegro,Romania,2.0,0.0,False,UEFA Nations League
2022-06-04,Lithuania,Luxembourg,0.0,2.0,False,UEFA Nations League
2022-06-04,Turkey,Faroe Islands,4.0,0.0,False,UEFA Nations League
2022-06-05,Costa Rica,Martinique,2.0,0.0,False,CONCACAF Nations League
2022-06-05,Cuba,Barbados,3.0,0.0,False,CONCACAF Nations League
2022-06-05,Antigua and Barbuda,Guadeloupe,1.0,0.0,True,CONCACAF Nations League
2022-06-05,Guatemala,Belize,2.0,0.0,False,CONCACAF Nations League
2022-06-05,Dominican Republic,French Guiana,2.0,3.0,False,CONCACAF Nations League
2022-06-05,Dominica,Anguilla,1.0,1.0,True,CONCACAF Nations League
2022-06-05,Portugal,Switzerland,4.0,0.0,False,UEFA Nations League
2022-06-05,Czech Republic,Spain,2.0,2.0,False,UEFA Nations League
2022-06-05,Serbia,Slovenia,4.0,1.0,False,UEFA Nations League
2022-06-05,Sweden,Norway,1.0,2.0,False,UEFA Nations League
2022-06-05,Cyprus,Northern Ireland,0.0,0.0,False,UEFA Nations League
2022-06-05,Kosovo,Greece,0.0,1.0,False,UEFA Nations League
2022-06-05,Gibraltar,North Macedonia,0.0,2.0,False,UEFA Nations League
2022-06-05,Bulgaria,Georgia,2.0,5.0,False,UEFA Nations League
2022-06-05,San Marino,Malta,0.0,2.0,False,UEFA Nations League
2022-06-06,Honduras,Curaçao,1.0,2.0,False,CONCACAF Nations League
2022-06-06,Saint Vincent and the Grenadines,Nicaragua,2.0,2.0,False,CONCACAF Nations League
2022-06-06,Trinidad and Tobago,Bahamas,1.0,0.0,False,CONCACAF Nations League
2022-06-06,Bonaire,Sint Maarten,2.0,2.0,True,CONCACAF Nations League
2022-06-06,United States Virgin Islands,Turks and Caicos Islands,3.0,2.0,False,CONCACAF Nations League
2022-06-06,Aruba,Saint Martin,3.0,0.0,True,CONCACAF Nations League
2022-06-06,Cayman Islands,British Virgin Islands,1.0,1.0,False,CONCACAF Nations League
2022-06-06,Austria,Denmark,1.0,2.0,False,UEFA Nations League
2022-06-06,Croatia,France,1.0,1.0,False,UEFA Nations League
2022-06-06,Iceland,Albania,1.0,1.0,False,UEFA Nations League
2022-06-06,Belarus,Azerbaijan,0.0,0.0,True,UEFA Nations League
2022-06-06,Slovakia,Kazakhstan,0.0,1.0,False,UEFA Nations League
2022-06-06,Latvia,Liechtenstein,1.0,0.0,False,UEFA Nations League
2022-06-06,Andorra,Moldova,0.0,0.0,False,UEFA Nations League
2022-06-07,Jamaica,Suriname,3.0,1.0,False,CONCACAF Nations League
2022-06-07,Grenada,El Salvador,2.0,2.0,False,CONCACAF Nations League
2022-06-07,Guyana,Bermuda,2.0,1.0,False,CONCACAF Nations League
2022-06-07,Haiti,Montserrat,3.0,2.0,True,CONCACAF Nations League
2022-06-07,Germany,England,1.0,1.0,False,UEFA Nations League
2022-06-07,Italy,Hungary,2.0,1.0,False,UEFA Nations League
2022-06-07,Finland,Montenegro,2.0,0.0,False,UEFA Nations League
2022-06-07,Bosnia and Herzegovina,Romania,1.0,0.0,False,UEFA Nations League
2022-06-07,Faroe Islands,Luxembourg,0.0,1.0,False,UEFA Nations League
2022-06-07,Lithuania,Turkey,0.0,6.0,False,UEFA Nations League
2022-06-08,Wales,Netherlands,1.0,2.0,False,UEFA Nations League
2022-06-08,Belgium,Poland,6.0,1.0,False,UEFA Nations League
2022-06-08,Republic of Ireland,Ukraine,0.0,1.0,False,UEFA Nations League
2022-06-08,Scotland,Armenia,2.0,0.0,False,UEFA Nations League
2022-06-09,Panama,Martinique,5.0,0.0,False,CONCACAF Nations League
2022-06-09,Canada,Curaçao,4.0,0.0,False,CONCACAF Nations League
2022-06-09,Barbados,Guadeloupe,0.0,1.0,True,CONCACAF Nations League
2022-06-09,Antigua and Barbuda,Cuba,0.0,2.0,True,CONCACAF Nations League
2022-06-09,Belize,French Guiana,1.0,1.0,False,CONCACAF Nations League
2022-06-09,Aruba,Saint Kitts and Nevis,2.0,3.0,True,CONCACAF Nations League
2022-06-09,Dominica,Saint Lucia,0.0,1.0,False,CONCACAF Nations League
2022-06-09,Cayman Islands,Puerto Rico,0.0,3.0,False,CONCACAF Nations League
2022-06-09,Portugal,Czech Republic,2.0,0.0,False,UEFA Nations League
2022-06-09,Switzerland,Spain,0.0,1.0,False,UEFA Nations League
2022-06-09,Norway,Slovenia,0.0,0.0,False,UEFA Nations League
2022-06-09,Sweden,Serbia,0.0,1.0,False,UEFA Nations League
2022-06-09,Kosovo,Northern Ireland,3.0,2.0,False,UEFA Nations League
2022-06-09,Greece,Cyprus,3.0,0.0,False,UEFA Nations League
2022-06-09,Gibraltar,Bulgaria,1.0,1.0,False,UEFA Nations League
2022-06-09,North Macedonia,Georgia,0.0,3.0,False,UEFA Nations League
2022-06-09,Malta,Estonia,1.0,2.0,False,UEFA Nations League
2022-06-10,United States,Grenada,5.0,0.0,False,CONCACAF Nations League
2022-06-10,Saint Vincent and the Grenadines,Trinidad and Tobago,0.0,2.0,False,CONCACAF Nations League
2022-06-10,Bahamas,Nicaragua,0.0,2.0,False,CONCACAF Nations League
2022-06-10,Dominican Republic,Guatemala,1.0,1.0,False,CONCACAF Nations League
2022-06-10,Austria,France,1.0,1.0,False,UEFA Nations League
2022-06-10,Denmark,Croatia,0.0,1.0,False,UEFA Nations League
2022-06-10,Albania,Israel,1.0,2.0,False,UEFA Nations League
2022-06-10,Azerbaijan,Slovakia,0.0,1.0,False,UEFA Nations League
2022-06-10,Belarus,Kazakhstan,1.0,1.0,True,UEFA Nations League
2022-06-10,Moldova,Latvia,2.0,4.0,False,UEFA Nations League
2022-06-10,Andorra,Liechtenstein,2.0,1.0,False,UEFA Nations League
2022-06-11,Mexico,Suriname,3.0,0.0,False,CONCACAF Nations League
2022-06-11,Guyana,Haiti,2.0,6.0,False,CONCACAF Nations League
2022-06-11,Montserrat,Bermuda,3.0,2.0,True,CONCACAF Nations League
2022-06-11,United States Virgin Islands,Bonaire,0.0,2.0,False,CONCACAF Nations League
2022-06-11,Sint Maarten,Turks and Caicos Islands,8.0,2.0,True,CONCACAF Nations League
2022-06-11,England,Italy,0.0,0.0,False,UEFA Nations League
2022-06-11,Hungary,Germany,1.0,1.0,False,UEFA Nations League
2022-06-11,Wales,Belgium,1.0,1.0,False,UEFA Nations League
2022-06-11,Netherlands,Poland,2.0,2.0,False,UEFA Nations League
2022-06-11,Ukraine,Armenia,3.0,0.0,True,UEFA Nations League
2022-06-11,Republic of Ireland,Scotland,3.0,0.0,False,UEFA Nations League
2022-06-11,Montenegro,Bosnia and Herzegovina,1.0,1.0,False,UEFA Nations League
2022-06-11,Romania,Finland,1.0,0.0,False,UEFA Nations League
2022-06-11,Faroe Islands,Lithuania,2.0,1.0,False,UEFA Nations League
2022-06-11,Luxembourg,Turkey,0.0,2.0,False,UEFA Nations League
2022-06-12,Martinique,Panama,0.0,0.0,False,CONCACAF Nations League
2022-06-12,Cuba,Antigua and Barbuda,3.0,1.0,False,CONCACAF Nations League
2022-06-12,Guadeloupe,Barbados,2.0,1.0,False,CONCACAF Nations League
2022-06-12,Saint Kitts and Nevis,Saint Martin,1.0,1.0,False,CONCACAF Nations League
2022-06-12,Saint Lucia,Anguilla,2.0,0.0,False,CONCACAF Nations League
2022-06-12,Puerto Rico,British Virgin Islands,6.0,0.0,False,CONCACAF Nations League
2022-06-12,Spain,Czech Republic,2.0,0.0,False,UEFA Nations League
2022-06-12,Switzerland,Portugal,1.0,0.0,False,UEFA Nations League
2022-06-12,Norway,Sweden,3.0,2.0,False,UEFA Nations League
2022-06-12,Slovenia,Serbia,2.0,2.0,False,UEFA Nations League
2022-06-12,Northern Ireland,Cyprus,2.0,2.0,False,UEFA Nations League
2022-06-12,Greece,Kosovo,2.0,0.0,False,UEFA Nations League
2022-06-12,North Macedonia,Gibraltar,4.0,0.0,False,UEFA Nations League
2022-06-12,Georgia,Bulgaria,0.0,0.0,False,UEFA Nations League
2022-06-12,Malta,San Marino,1.0,0.0,False,UEFA Nations League
2022-06-13,Honduras,Canada,2.0,1.0,False,CONCACAF Nations League
2022-06-13,Nicaragua,Bahamas,4.0,0.0,False,CONCACAF Nations League
2022-06-13,Trinidad and Tobago,Saint Vincent and the Grenadines,4.0,1.0,False,CONCACAF Nations League
2022-06-13,Guatemala,Dominican Republic,2.0,0.0,False,CONCACAF Nations League
2022-06-13,Denmark,Austria,2.0,0.0,False,UEFA Nations League
2022-06-13,France,Croatia,0.0,1.0,False,UEFA Nations League
2022-06-13,Iceland,Israel,2.0,2.0,False,UEFA Nations League
2022-06-13,Azerbaijan,Belarus,2.0,0.0,False,UEFA Nations League
2022-06-13,Kazakhstan,Slovakia,2.0,1.0,False,UEFA Nations League
2022-06-14,Jamaica,Mexico,1.0,1.0,False,CONCACAF Nations League
2022-06-14,El Salvador,United States,1.0,1.0,False,CONCACAF Nations League
2022-06-14,Haiti,Guyana,6.0,0.0,True,CONCACAF Nations League
2022-06-14,French Guiana,Belize,1.0,0.0,False,CONCACAF Nations League
2022-06-14,Bonaire,United States Virgin Islands,2.0,0.0,True,CONCACAF Nations League
2022-06-14,Turks and Caicos Islands,Sint Maarten,2.0,0.0,False,CONCACAF Nations League
2022-06-14,England,Hungary,0.0,4.0,False,UEFA Nations League
2022-06-14,Germany,Italy,5.0,2.0,False,UEFA Nations League
2022-06-14,Netherlands,Wales,3.0,2.0,False,UEFA Nations League
2022-06-14,Poland,Belgium,0.0,1.0,False,UEFA Nations League
2022-06-14,Armenia,Scotland,1.0,4.0,False,UEFA Nations League
2022-06-14,Ukraine,Republic of Ireland,1.0,1.0,True,UEFA Nations League
2022-06-14,Bosnia and Herzegovina,Finland,3.0,2.0,False,UEFA Nations League
2022-06-14,Romania,Montenegro,0.0,3.0,False,UEFA Nations League
2022-06-14,Luxembourg,Faroe Islands,2.0,2.0,False,UEFA Nations League
2022-06-14,Turkey,Lithuania,2.0,0.0,False,UEFA Nations League
2022-06-14,Moldova,Andorra,2.0,1.0,False,UEFA Nations League
2022-06-14,Liechtenstein,Latvia,0.0,2.0,False,UEFA Nations League
2022-09-21,Scotland,Ukraine,3.0,0.0,False,UEFA Nations League
2022-09-22,Croatia,Denmark,2.0,1.0,False,UEFA Nations League
2022-09-22,France,Austria,2.0,0.0,False,UEFA Nations League
2022-09-22,Belgium,Wales,2.0,1.0,False,UEFA Nations League
2022-09-22,Poland,Netherlands,0.0,2.0,False,UEFA Nations League
2022-09-22,Lithuania,Faroe Islands,1.0,1.0,False,UEFA Nations League
2022-09-22,Turkey,Luxembourg,3.0,3.0,False,UEFA Nations League
2022-09-22,Kazakhstan,Belarus,2.0,1.0,False,UEFA Nations League
2022-09-22,Slovakia,Azerbaijan,1.0,2.0,False,UEFA Nations League
2022-09-22,Latvia,Moldova,1.0,2.0,False,UEFA Nations League
2022-09-22,Liechtenstein,Andorra,0.0,2.0,False,UEFA Nations League
2022-09-23,Germany,Hungary,0.0,1.0,False,UEFA Nations League
2022-09-23,Italy,England,1.0,0.0,False,UEFA Nations League
2022-09-23,Bosnia and Herzegovina,Montenegro,1.0,0.0,False,UEFA Nations League
2022-09-23,Finland,Romania,1.0,1.0,False,UEFA Nations League
2022-09-23,Georgia,North Macedonia,2.0,0.0,False,UEFA Nations League
2022-09-23,Bulgaria,Gibraltar,5.0,1.0,False,UEFA Nations League
2022-09-23,Estonia,Malta,2.0,1.0,False,UEFA Nations League
2022-09-24,Czech Republic,Portugal,0.0,4.0,False,UEFA Nations League
2022-09-24,Spain,Switzerland,1.0,2.0,False,UEFA Nations League
2022-09-24,Armenia,Ukraine,0.0,5.0,False,UEFA Nations League
2022-09-24,Scotland,Republic of Ireland,2.0,1.0,False,UEFA Nations League
2022-09-24,Israel,Albania,2.0,1.0,False,UEFA Nations League
2022-09-24,Slovenia,Norway,2.0,1.0,False,UEFA Nations League
2022-09-24,Serbia,Sweden,4.0,1.0,False,UEFA Nations League
2022-09-24,Northern Ireland,Kosovo,2.0,1.0,False,UEFA Nations League
2022-09-24,Cyprus,Greece,1.0,0.0,False,UEFA Nations League
2022-09-25,Austria,Croatia,1.0,3.0,False,UEFA Nations League
2022-09-25,Denmark,France,2.0,0.0,False,UEFA Nations League
2022-09-25,Wales,Poland,0.0,1.0,False,UEFA Nations League
2022-09-25,Netherlands,Belgium,1.0,0.0,False,UEFA Nations League
2022-09-25,Faroe Islands,Turkey,2.0,1.0,False,UEFA Nations League
2022-09-25,Luxembourg,Lithuania,1.0,0.0,False,UEFA Nations League
2022-09-25,Slovakia,Belarus,1.0,1.0,True,UEFA Nations League
2022-09-25,Azerbaijan,Kazakhstan,3.0,0.0,False,UEFA Nations League
2022-09-25,Andorra,Latvia,1.0,1.0,False,UEFA Nations League
2022-09-25,Moldova,Liechtenstein,2.0,0.0,False,UEFA Nations League
2022-09-26,England,Germany,3.0,3.0,False,UEFA Nations League
2022-09-26,Hungary,Italy,0.0,2.0,False,UEFA Nations League
2022-09-26,Montenegro,Finland,0.0,2.0,False,UEFA Nations League
2022-09-26,Romania,Bosnia and Herzegovina,4.0,1.0,False,UEFA Nations League
2022-09-26,Gibraltar,Georgia,1.0,2.0,False,UEFA Nations League
2022-09-26,North Macedonia,Bulgaria,0.0,1.0,False,UEFA Nations League
2022-09-26,San Marino,Estonia,0.0,4.0,False,UEFA Nations League
2022-09-27,Portugal,Spain,0.0,1.0,False,UEFA Nations League
2022-09-27,Switzerland,Czech Republic,2.0,1.0,False,UEFA Nations League
2022-09-27,Republic of Ireland,Armenia,3.0,2.0,False,UEFA Nations League
2022-09-27,Ukraine,Scotland,0.0,0.0,True,UEFA Nations League
2022-09-27,Albania,Iceland,1.0,1.0,False,UEFA Nations League
2022-09-27,Norway,Serbia,0.0,2.0,False,UEFA Nations League
2022-09-27,Sweden,Slovenia,1.0,1.0,False,UEFA Nations League
2022-09-27,Kosovo,Cyprus,5.0,1.0,False,UEFA Nations League
2022-09-27,Greece,Northern Ireland,3.0,1.0,False,UEFA Nations League
2023-03-23,Suriname,Mexico,0.0,2.0,False,CONCACAF Nations League
2023-03-23,Barbados,Cuba,0.0,1.0,False,CONCACAF Nations League
2023-03-23,Guadeloupe,Antigua and Barbuda,0.0,1.0,False,CONCACAF Nations League
2023-03-23,French Guiana,Dominican Republic,1.0,1.0,False,CONCACAF Nations League
2023-03-23,Saint Martin,Saint Kitts and Nevis,1.0,3.0,True,CONCACAF Nations League
2023-03-23,British Virgin Islands,Puerto Rico,1.0,3.0,False,CONCACAF Nations League
2023-03-24,Grenada,United States,1.0,7.0,False,CONCACAF Nations League
2023-03-24,Bahamas,Trinidad and Tobago,0.0,3.0,False,CONCACAF Nations League
2023-03-24,Nicaragua,Saint Vincent and the Grenadines,4.0,1.0,False,CONCACAF Nations League
2023-03-24,Belize,Guatemala,1.0,2.0,False,CONCACAF Nations League
2023-03-24,Anguilla,Saint Lucia,1.0,2.0,False,CONCACAF Nations League
2023-03-25,Martinique,Costa Rica,1.0,2.0,False,CONCACAF Nations League
2023-03-25,Curaçao,Canada,0.0,2.0,False,CONCACAF Nations League
2023-03-25,Bermuda,Guyana,0.0,2.0,False,CONCACAF Nations League
2023-03-25,Montserrat,Haiti,0.0,4.0,False,CONCACAF Nations League
2023-03-25,Sint Maarten,Bonaire,6.0,1.0,True,CONCACAF Nations League
2023-03-25,Turks and Caicos Islands,United States Virgin Islands,1.0,0.0,False,CONCACAF Nations League
2023-03-26,Mexico,Jamaica,2.0,2.0,False,CONCACAF Nations League
2023-03-26,Antigua and Barbuda,Barbados,1.0,2.0,False,CONCACAF Nations League
2023-03-26,Cuba,Guadeloupe,1.0,0.0,False,CONCACAF Nations League
2023-03-26,Puerto Rico,Cayman Islands,5.0,1.0,False,CONCACAF Nations League
2023-03-27,United States,El Salvador,1.0,0.0,False,CONCACAF Nations League
2023-03-27,Saint Vincent and the Grenadines,Bahamas,1.0,1.0,False,CONCACAF Nations League
2023-03-27,Trinidad and Tobago,Nicaragua,1.0,1.0,False,CONCACAF Nations League
2023-03-27,Dominican Republic,Belize,2.0,0.0,False,CONCACAF Nations League
2023-03-27,Guatemala,French Guiana,4.0,0.0,False,CONCACAF Nations League
2023-03-27,Saint Kitts and Nevis,Aruba,2.0,0.0,False,CONCACAF Nations League
2023-03-27,Saint Lucia,Dominica,3.0,1.0,False,CONCACAF Nations League
2023-03-28,Costa Rica,Panama,0.0,1.0,False,CONCACAF Nations League
2023-03-28,Canada,Honduras,4.0,1.0,False,CONCACAF Nations League
2023-03-28,Haiti,Bermuda,3.0,1.0,True,CONCACAF Nations League
2023-03-28,Guyana,Montserrat,0.0,0.0,True,CONCACAF Nations League
2023-03-28,Bonaire,Turks and Caicos Islands,1.0,2.0,False,CONCACAF Nations League
2023-03-28,United States Virgin Islands,Sint Maarten,1.0,2.0,False,CONCACAF Nations League
2023-06-14,Netherlands,Croatia,2.0,4.0,False,UEFA Nations League
2023-06-15,Panama,Canada,0.0,2.0,True,CONCACAF Nations League
2023-06-15,United States,Mexico,3.0,0.0,False,CONCACAF Nations League
2023-06-15,Spain,Italy,2.0,1.0,True,UEFA Nations League
2023-06-18,Panama,Mexico,0.0,1.0,True,CONCACAF Nations League
2023-06-18,United States,Canada,2.0,0.0,False,CONCACAF Nations League
2023-06-18,Netherlands,Italy,2.0,3.0,False,UEFA Nations League
2023-06-18,Croatia,Spain,0.0,0.0,True,UEFA Nations League
2023-09-07,Trinidad and Tobago,Curaçao,1.0,0.0,False,CONCACAF Nations League
2023-09-07,Panama,Martinique,3.0,0.0,False,CONCACAF Nations League
2023-09-07,Guatemala,El Salvador,2.0,0.0,False,CONCACAF Nations League
2023-09-07,Sint Maarten,Saint Lucia,1.0,5.0,True,CONCACAF Nations League
2023-09-07,Saint Kitts and Nevis,Guadeloupe,1.0,2.0,False,CONCACAF Nations League
2023-09-07,Anguilla,Saint Martin,0.0,6.0,False,CONCACAF Nations League
2023-09-07,United States Virgin Islands,Cayman Islands,2.0,2.0,False,CONCACAF Nations League
2023-09-08,Haiti,Cuba,0.0,0.0,True,CONCACAF Nations League
2023-09-08,Grenada,Suriname,1.0,1.0,False,CONCACAF Nations League
2023-09-08,Jamaica,Honduras,1.0,0.0,False,CONCACAF Nations League
2023-09-08,Barbados,Montserrat,2.0,3.0,False,CONCACAF Nations League
2023-09-08,Dominican Republic,Nicaragua,0.0,2.0,False,CONCACAF Nations League
2023-09-08,Bermuda,French Guiana,0.0,0.0,False,CONCACAF Nations League
2023-09-08,Belize,Saint Vincent and the Grenadines,1.0,2.0,False,CONCACAF Nations League
2023-09-09,Antigua and Barbuda,Guyana,1.0,5.0,False,CONCACAF Nations League
2023-09-09,Bahamas,Puerto Rico,1.0,6.0,False,CONCACAF Nations League
2023-09-09,British Virgin Islands,Turks and Caicos Islands,3.0,1.0,False,CONCACAF Nations League
2023-09-10,Guatemala,Panama,1.0,1.0,False,CONCACAF Nations League
2023-09-10,El Salvador,Trinidad and Tobago,2.0,3.0,False,CONCACAF Nations League
2023-09-10,Martinique,Curaçao,1.0,0.0,False,CONCACAF Nations League
2023-09-10,Guadeloupe,Sint Maarten,4.0,0.0,False,CONCACAF Nations League
2023-09-10,Saint Lucia,Saint Kitts and Nevis,2.0,0.0,False,CONCACAF Nations League
2023-09-11,Dominican Republic,Montserrat,3.0,0.0,False,CONCACAF Nations League
2023-09-11,Nicaragua,Barbados,5.0,1.0,False,CONCACAF Nations League
2023-09-11,Saint Martin,Bonaire,2.0,1.0,True,CONCACAF Nations League
2023-09-11,Cayman Islands,Aruba,1.0,2.0,False,CONCACAF Nations League
2023-09-12,Cuba,Suriname,1.0,0.0,False,CONCACAF Nations League
2023-09-12,Jamaica,Haiti,2.0,2.0,False,CONCACAF Nations League
2023-09-12,Honduras,Grenada,4.0,0.0,False,CONCACAF Nations League
2023-09-12,Saint Vincent and the Grenadines,Bermuda,4.0,3.0,False,CONCACAF Nations League
2023-09-12,French Guiana,Belize,0.0,2.0,False,CONCACAF Nations League
2023-09-12,Guyana,Bahamas,3.0,2.0,False,CONCACAF Nations League
2023-09-12,Puerto Rico,Antigua and Barbuda,5.0,0.0,True,CONCACAF Nations League
2023-09-12,Turks and Caicos Islands,Dominica,0.0,3.0,False,CONCACAF Nations League
2023-10-12,Suriname,Haiti,1.0,1.0,False,CONCACAF Nations League
2023-10-12,Grenada,Jamaica,1.0,4.0,False,CONCACAF Nations League
2023-10-12,Cuba,Honduras,0.0,0.0,True,CONCACAF Nations League
2023-10-12,Sint Maarten,Saint Kitts and Nevis,2.0,3.0,True,CONCACAF Nations League
2023-10-12,Saint Lucia,Guadeloupe,2.0,1.0,False,CONCACAF Nations League
2023-10-12,Bonaire,Anguilla,2.0,0.0,False,CONCACAF Nations League
2023-10-12,Dominica,British Virgin Islands,1.0,1.0,True,CONCACAF Nations League
2023-10-13,Curaçao,Panama,1.0,2.0,False,CONCACAF Nations League
2023-10-13,Martinique,El Salvador,1.0,0.0,False,CONCACAF Nations League
2023-10-13,Trinidad and Tobago,Guatemala,3.0,2.0,False,CONCACAF Nations League
2023-10-13,Montserrat,Nicaragua,0.0,3.0,True,CONCACAF Nations League
2023-10-13,Barbados,Dominican Republic,0.0,5.0,False,CONCACAF Nations League
2023-10-13,Saint Vincent and the Grenadines,French Guiana,1.0,4.0,False,CONCACAF Nations League
2023-10-13,Belize,Bermuda,0.0,1.0,False,CONCACAF Nations League
2023-10-14,Puerto Rico,Guyana,1.0,3.0,False,CONCACAF Nations League
2023-10-14,Bahamas,Antigua and Barbuda,1.0,4.0,False,CONCACAF Nations League
2023-10-14,Aruba,United States Virgin Islands,3.0,1.0,False,CONCACAF Nations League
2023-10-15,Honduras,Cuba,4.0,0.0,False,CONCACAF Nations League
2023-10-15,Haiti,Jamaica,2.0,3.0,True,CONCACAF Nations League
2023-10-15,Suriname,Grenada,4.0,0.0,False,CONCACAF Nations League
2023-10-15,Guadeloupe,Saint Lucia,2.0,0.0,False,CONCACAF Nations League
2023-10-15,Saint Kitts and Nevis,Sint Maarten,0.0,1.0,False,CONCACAF Nations League
2023-10-16,Dominican Republic,Barbados,5.0,2.0,False,CONCACAF Nations League
2023-10-16,Nicaragua,Montserrat,3.0,0.0,False,CONCACAF Nations League
2023-10-16,French Guiana,Saint Vincent and the Grenadines,3.0,2.0,True,CONCACAF Nations League
2023-10-16,Saint Martin,Anguilla,8.0,0.0,True,CONCACAF Nations League
2023-10-16,Turks and Caicos Islands,British Virgin Islands,2.0,2.0,False,CONCACAF Nations League
2023-10-17,El Salvador,Martinique,0.0,0.0,False,CONCACAF Nations League
2023-10-17,Panama,Guatemala,3.0,0.0,False,CONCACAF Nations League
2023-10-17,Curaçao,Trinidad and Tobago,5.0,3.0,False,CONCACAF Nations League
2023-10-17,Bermuda,Belize,1.0,1.0,False,CONCACAF Nations League
2023-10-17,Antigua and Barbuda,Bahamas,2.0,2.0,False,CONCACAF Nations League
2023-10-17,Guyana,Puerto Rico,3.0,1.0,True,CONCACAF Nations League
2023-10-17,Cayman Islands,United States Virgin Islands,2.0,1.0,False,CONCACAF Nations League
2023-11-16,Sint Maarten,Guadeloupe,0.0,2.0,True,CONCACAF Nations League
2023-11-16,Saint Kitts and Nevis,Saint Lucia,0.0,0.0,False,CONCACAF Nations League
2023-11-16,United States Virgin Islands,Aruba,1.0,4.0,False,CONCACAF Nations League
2023-11-16,British Virgin Islands,Dominica,1.0,2.0,False,CONCACAF Nations League
2023-11-16,Costa Rica,Panama,0.0,3.0,False,CONCACAF Nations League
2023-11-16,United States,Trinidad and Tobago,3.0,0.0,False,CONCACAF Nations League
2023-11-17,Montserrat,Dominican Republic,2.0,1.0,False,CONCACAF Nations League
2023-11-17,Barbados,Nicaragua,0.0,4.0,False,CONCACAF Nations League
2023-11-17,Bermuda,Saint Vincent and the Grenadines,3.0,1.0,False,CONCACAF Nations League
2023-11-17,Belize,French Guiana,1.0,0.0,False,CONCACAF Nations League
2023-11-17,Honduras,Mexico,2.0,0.0,False,CONCACAF Nations League
2023-11-18,Antigua and Barbuda,Puerto Rico,2.0,3.0,False,CONCACAF Nations League
2023-11-18,Anguilla,Bonaire,0.0,3.0,False,CONCACAF Nations League
2023-11-18,Jamaica,Canada,1.0,2.0,False,CONCACAF Nations League
2023-11-19,Guadeloupe,Saint Kitts and Nevis,5.0,0.0,False,CONCACAF Nations League
2023-11-19,Saint Lucia,Sint Maarten,1.0,2.0,False,CONCACAF Nations League
2023-11-20,Montserrat,Barbados,4.0,2.0,False,CONCACAF Nations League
2023-11-20,Aruba,Cayman Islands,5.0,1.0,False,CONCACAF Nations League
2023-11-20,Dominica,Turks and Caicos Islands,2.0,0.0,True,CONCACAF Nations League
2023-11-20,Panama,Costa Rica,3.0,1.0,False,CONCACAF Nations League
2023-11-20,Trinidad and Tobago,United States,2.0,1.0,False,CONCACAF Nations League
2023-11-21,Nicaragua,Dominican Republic,0.0,0.0,False,CONCACAF Nations League
2023-11-21,French Guiana,Bermuda,3.0,0.0,True,CONCACAF Nations League
2023-11-21,Saint Vincent and the Grenadines,Belize,3.0,0.0,False,CONCACAF Nations League
2023-11-21,Guyana,Antigua and Barbuda,6.0,0.0,True,CONCACAF Nations League
2023-11-21,Puerto Rico,Bahamas,6.0,1.0,False,CONCACAF Nations League
2023-11-21,Bonaire,Saint Martin,0.0,4.0,False,CONCACAF Nations League
2023-11-21,Canada,Jamaica,2.0,3.0,False,CONCACAF Nations League
2023-11-21,Mexico,Honduras,2.0,0.0,False,CONCACAF Nations League
2024-03-21,Panama,Mexico,0.0,3.0,True,CONCACAF Nations League
2024-03-21,United States,Jamaica,3.0,1.0,False,CONCACAF Nations League
2024-03-21,Gibraltar,Lithuania,0.0,1.0,True,UEFA Nations League
2024-03-24,Jamaica,Panama,1.0,0.0,True,CONCACAF Nations League
2024-03-24,United States,Mexico,2.0,0.0,False,CONCACAF Nations League
2024-03-26,Lithuania,Gibraltar,1.0,0.0,False,UEFA Nations League
2024-09-04,United States Virgin Islands,Bahamas,3.0,3.0,False,CONCACAF Nations League
2024-09-04,Turks and Caicos Islands,Anguilla,0.0,2.0,False,CONCACAF Nations League
2024-09-04,Cayman Islands,British Virgin Islands,1.0,0.0,False,CONCACAF Nations League
2024-09-05,Guyana,Suriname,1.0,3.0,False,CONCACAF Nations League
2024-09-05,Costa Rica,Guadeloupe,3.0,0.0,False,CONCACAF Nations League
2024-09-05,Guatemala,Martinique,3.0,1.0,False,CONCACAF Nations League
2024-09-05,Montserrat,El Salvador,1.0,4.0,True,CONCACAF Nations League
2024-09-05,Bonaire,Saint Vincent and the Grenadines,1.0,1.0,False,CONCACAF Nations League
2024-09-05,Portugal,Croatia,2.0,1.0,False,UEFA Nations League
2024-09-05,Scotland,Poland,2.0,3.0,False,UEFA Nations League
2024-09-05,Denmark,Switzerland,2.0,0.0,False,UEFA Nations League
2024-09-05,Serbia,Spain,0.0,0.0,False,UEFA Nations League
2024-09-05,Azerbaijan,Sweden,1.0,3.0,False,UEFA Nations League
2024-09-05,Estonia,Slovakia,0.0,1.0,False,UEFA Nations League
2024-09-05,Northern Ireland,Luxembourg,2.0,0.0,False,UEFA Nations League
2024-09-05,Belarus,Bulgaria,0.0,0.0,True,UEFA Nations League
2024-09-05,San Marino,Liechtenstein,1.0,0.0,False,UEFA Nations League
2024-09-06,French Guiana,Nicaragua,0.0,1.0,False,CONCACAF Nations League
2024-09-06,Jamaica,Cuba,0.0,0.0,False,CONCACAF Nations League
2024-09-06,Honduras,Trinidad and Tobago,4.0,0.0,False,CONCACAF Nations League
2024-09-06,Saint Lucia,Curaçao,2.0,1.0,True,CONCACAF Nations League
2024-09-06,Grenada,Saint Martin,2.0,0.0,False,CONCACAF Nations League
2024-09-06,Sint Maarten,Aruba,2.0,0.0,True,CONCACAF Nations League
2024-09-06,Puerto Rico,Haiti,1.0,4.0,False,CONCACAF Nations League
2024-09-06,Belgium,Israel,3.0,1.0,True,UEFA Nations League
2024-09-06,France,Italy,1.0,3.0,False,UEFA Nations League
2024-09-06,Kazakhstan,Norway,0.0,0.0,False,UEFA Nations League
2024-09-06,Slovenia,Austria,1.0,1.0,False,UEFA Nations League
2024-09-06,Iceland,Montenegro,2.0,0.0,False,UEFA Nations League
2024-09-06,Wales,Turkey,0.0,0.0,False,UEFA Nations League
2024-09-06,Kosovo,Romania,0.0,3.0,False,UEFA Nations League
2024-09-06,Lithuania,Cyprus,0.0,1.0,False,UEFA Nations League
2024-09-07,Bermuda,Dominican Republic,2.0,3.0,True,CONCACAF Nations League
2024-09-07,Antigua and Barbuda,Dominica,1.0,2.0,False,CONCACAF Nations League
2024-09-07,Bahamas,Barbados,2.0,3.0,True,CONCACAF Nations League
2024-09-07,Turks and Caicos Islands,Belize,0.0,4.0,False,CONCACAF Nations League
2024-09-07,Cayman Islands,Saint Kitts and Nevis,1.0,4.0,False,CONCACAF Nations League
2024-09-07,Germany,Hungary,5.0,0.0,False,UEFA Nations League
2024-09-07,Netherlands,Bosnia and Herzegovina,5.0,2.0,False,UEFA Nations League
2024-09-07,Georgia,Czech Republic,4.0,1.0,False,UEFA Nations League
2024-09-07,Ukraine,Albania,1.0,2.0,True,UEFA Nations League
2024-09-07,Republic of Ireland,England,0.0,2.0,False,UEFA Nations League
2024-09-07,Greece,Finland,3.0,0.0,False,UEFA Nations League
2024-09-07,Faroe Islands,North Macedonia,1.0,1.0,False,UEFA Nations League
2024-09-07,Armenia,Latvia,4.0,1.0,False,UEFA Nations League
2024-09-07,Moldova,Malta,2.0,0.0,False,UEFA Nations League
2024-09-08,Saint Vincent and the Grenadines,Montserrat,2.0,0.0,True,CONCACAF Nations League
2024-09-08,Bonaire,El Salvador,1.0,2.0,False,CONCACAF Nations League
2024-09-08,Portugal,Scotland,2.0,1.0,False,UEFA Nations League
2024-09-08,Croatia,Poland,1.0,0.0,False,UEFA Nations League
2024-09-08,Denmark,Serbia,2.0,0.0,False,UEFA Nations League
2024-09-08,Switzerland,Spain,1.0,4.0,False,UEFA Nations League
2024-09-08,Slovakia,Azerbaijan,2.0,0.0,False,UEFA Nations League
2024-09-08,Sweden,Estonia,3.0,0.0,False,UEFA Nations League
2024-09-08,Luxembourg,Belarus,0.0,1.0,False,UEFA Nations League
2024-09-08,Bulgaria,Northern Ireland,1.0,0.0,False,UEFA Nations League
2024-09-08,Gibraltar,Liechtenstein,2.0,2.0,False,UEFA Nations League
2024-09-09,Guadeloupe,Suriname,1.0,0.0,False,CONCACAF Nations League
2024-09-09,Martinique,Guyana,2.0,2.0,False,CONCACAF Nations League
2024-09-09,Guatemala,Costa Rica,0.0,0.0,False,CONCACAF Nations League
2024-09-09,Curaçao,Saint Martin,4.0,0.0,True,CONCACAF Nations League
2024-09-09,Grenada,Saint Lucia,1.0,2.0,False,CONCACAF Nations League
2024-09-09,Haiti,Sint Maarten,6.0,0.0,True,CONCACAF Nations League
2024-09-09,Puerto Rico,Aruba,1.0,0.0,False,CONCACAF Nations League
2024-09-09,France,Belgium,2.0,0.0,False,UEFA Nations League
2024-09-09,Israel,Italy,1.0,2.0,True,UEFA Nations League
2024-09-09,Norway,Austria,2.0,1.0,False,UEFA Nations League
2024-09-09,Slovenia,Kazakhstan,3.0,0.0,False,UEFA Nations League
2024-09-09,Montenegro,Wales,1.0,2.0,False,UEFA Nations League
2024-09-09,Turkey,Iceland,3.0,1.0,False,UEFA Nations League
2024-09-09,Cyprus,Kosovo,0.0,4.0,False,UEFA Nations League
2024-09-09,Romania,Lithuania,3.0,1.0,False,UEFA Nations League
2024-09-10,Cuba,Nicaragua,1.0,1.0,False,CONCACAF Nations League
2024-09-10,Trinidad and Tobago,French Guiana,0.0,0.0,False,CONCACAF Nations League
2024-09-10,Honduras,Jamaica,1.0,2.0,False,CONCACAF Nations League
2024-09-10,Dominican Republic,Dominica,2.0,0.0,True,CONCACAF Nations League
2024-09-10,Antigua and Barbuda,Bermuda,0.0,1.0,False,CONCACAF Nations League
2024-09-10,United States Virgin Islands,Barbados,0.0,3.0,False,CONCACAF Nations League
2024-09-10,Belize,Anguilla,1.0,0.0,True,CONCACAF Nations League
2024-09-10,Saint Kitts and Nevis,British Virgin Islands,2.0,0.0,True,CONCACAF Nations League
2024-09-10,Hungary,Bosnia and Herzegovina,0.0,0.0,False,UEFA Nations League
2024-09-10,Netherlands,Germany,2.0,2.0,False,UEFA Nations League
2024-09-10,Albania,Georgia,0.0,1.0,False,UEFA Nations League
2024-09-10,Czech Republic,Ukraine,3.0,2.0,False,UEFA Nations League
2024-09-10,England,Finland,2.0,0.0,False,UEFA Nations League
2024-09-10,Republic of Ireland,Greece,0.0,2.0,False,UEFA Nations League
2024-09-10,Latvia,Faroe Islands,1.0,0.0,False,UEFA Nations League
2024-09-10,North Macedonia,Armenia,2.0,0.0,False,UEFA Nations League
2024-09-10,Andorra,Malta,0.0,1.0,False,UEFA Nations League
2024-10-09,Barbados,United States Virgin Islands,5.0,0.0,False,CONCACAF Nations League
2024-10-09,Belize,Anguilla,1.0,0.0,False,CONCACAF Nations League
2024-10-09,Saint Kitts and Nevis,British Virgin Islands,3.0,1.0,False,CONCACAF Nations League
2024-10-10,Cuba,Trinidad and Tobago,2.0,2.0,False,CONCACAF Nations League
2024-10-10,French Guiana,Honduras,2.0,3.0,False,CONCACAF Nations League
2024-10-10,Nicaragua,Jamaica,0.0,2.0,False,CONCACAF Nations League
2024-10-10,Bonaire,Montserrat,0.0,1.0,True,CONCACAF Nations League
2024-10-10,Saint Vincent and the Grenadines,El Salvador,2.0,3.0,False,CONCACAF Nations League
2024-10-10,Israel,France,1.0,4.0,True,UEFA Nations League
2024-10-10,Italy,Belgium,2.0,2.0,False,UEFA Nations League
2024-10-10,England,Greece,1.0,2.0,False,UEFA Nations League
2024-10-10,Finland,Republic of Ireland,1.0,2.0,False,UEFA Nations League
2024-10-10,Austria,Kazakhstan,4.0,0.0,False,UEFA Nations League
2024-10-10,Norway,Slovenia,3.0,0.0,False,UEFA Nations League
2024-10-10,Latvia,North Macedonia,0.0,3.0,False,UEFA Nations League
2024-10-10,Faroe Islands,Armenia,2.0,2.0,False,UEFA Nations League
2024-10-10,Gibraltar,San Marino,1.0,0.0,False,UEFA Nations League
2024-10-10,Moldova,Andorra,2.0,0.0,False,UEFA Nations League
2024-10-11,Guadeloupe,Martinique,0.0,1.0,False,CONCACAF Nations League
2024-10-11,Suriname,Costa Rica,1.0,1.0,False,CONCACAF Nations League
2024-10-11,Guyana,Guatemala,1.0,3.0,False,CONCACAF Nations League
2024-10-11,Grenada,Curaçao,0.0,0.0,True,CONCACAF Nations League
2024-10-11,Saint Lucia,Saint Martin,2.0,1.0,False,CONCACAF Nations League
2024-10-11,Sint Maarten,Puerto Rico,3.0,2.0,True,CONCACAF Nations League
2024-10-11,Aruba,Haiti,1.0,3.0,False,CONCACAF Nations League
2024-10-11,Bosnia and Herzegovina,Germany,1.0,2.0,False,UEFA Nations League
2024-10-11,Hungary,Netherlands,1.0,1.0,False,UEFA Nations League
2024-10-11,Czech Republic,Albania,2.0,0.0,False,UEFA Nations League
2024-10-11,Ukraine,Georgia,1.0,0.0,True,UEFA Nations League
2024-10-11,Iceland,Wales,2.0,2.0,False,UEFA Nations League
2024-10-11,Turkey,Montenegro,1.0,0.0,False,UEFA Nations League
2024-10-11,Estonia,Azerbaijan,3.0,1.0,False,UEFA Nations League
2024-10-11,Slovakia,Sweden,2.0,2.0,False,UEFA Nations League
2024-10-12,Antigua and Barbuda,Dominican Republic,0.0,5.0,True,CONCACAF Nations League
2024-10-12,Bermuda,Dominica,6.0,1.0,False,CONCACAF Nations League
2024-10-12,Bahamas,United States Virgin Islands,3.0,1.0,True,CONCACAF Nations League
2024-10-12,Turks and Caicos Islands,Anguilla,2.0,1.0,True,CONCACAF Nations League
2024-10-12,Cayman Islands,British Virgin Islands,1.0,0.0,True,CONCACAF Nations League
2024-10-12,Croatia,Scotland,2.0,1.0,False,UEFA Nations League
2024-10-12,Poland,Portugal,1.0,3.0,False,UEFA Nations League
2024-10-12,Serbia,Switzerland,2.0,0.0,False,UEFA Nations League
2024-10-12,Spain,Denmark,1.0,0.0,False,UEFA Nations League
2024-10-12,Lithuania,Kosovo,1.0,2.0,False,UEFA Nations League
2024-10-12,Cyprus,Romania,0.0,3.0,False,UEFA Nations League
2024-10-12,Bulgaria,Luxembourg,0.0,0.0,False,UEFA Nations League
2024-10-12,Belarus,Northern Ireland,0.0,0.0,True,UEFA Nations League
2024-10-13,Montserrat,Bonaire,0.0,1.0,True,CONCACAF Nations League
2024-10-13,Saint Vincent and the Grenadines,El Salvador,2.0,1.0,False,CONCACAF Nations League
2024-10-13,Finland,England,1.0,3.0,False,UEFA Nations League
2024-10-13,Greece,Republic of Ireland,2.0,0.0,False,UEFA Nations League
2024-10-13,Kazakhstan,Slovenia,0.0,1.0,False,UEFA Nations League
2024-10-13,Austria,Norway,5.0,1.0,False,UEFA Nations League
2024-10-13,Faroe Islands,Latvia,1.0,1.0,False,UEFA Nations League
2024-10-13,Armenia,North Macedonia,0.0,2.0,False,UEFA Nations League
2024-10-13,Liechtenstein,Gibraltar,0.0,0.0,False,UEFA Nations League
2024-10-13,Malta,Moldova,1.0,0.0,False,UEFA Nations League
2024-10-14,Nicaragua,French Guiana,3.0,2.0,False,CONCACAF Nations League
2024-10-14,Jamaica,Honduras,0.0,0.0,False,CONCACAF Nations League
2024-10-14,Trinidad and Tobago,Cuba,3.0,1.0,False,CONCACAF Nations League
2024-10-14,Curaçao,Grenada,1.0,0.0,True,CONCACAF Nations League
2024-10-14,Saint Lucia,Saint Martin,0.0,4.0,False,CONCACAF Nations League
2024-10-14,Puerto Rico,Sint Maarten,2.0,1.0,True,CONCACAF Nations League
2024-10-14,Aruba,Haiti,3.0,5.0,False,CONCACAF Nations League
2024-10-14,Belgium,France,1.0,2.0,False,UEFA Nations League
2024-10-14,Italy,Israel,4.0,1.0,False,UEFA Nations League
2024-10-14,Bosnia and Herzegovina,Hungary,0.0,2.0,False,UEFA Nations League
2024-10-14,Germany,Netherlands,1.0,0.0,False,UEFA Nations League
2024-10-14,Georgia,Albania,0.0,1.0,False,UEFA Nations League
2024-10-14,Ukraine,Czech Republic,1.0,1.0,True,UEFA Nations League
2024-10-14,Iceland,Turkey,2.0,4.0,False,UEFA Nations League
2024-10-14,Wales,Montenegro,1.0,0.0,False,UEFA Nations League
2024-10-14,Azerbaijan,Slovakia,1.0,3.0,False,UEFA Nations League
2024-10-14,Estonia,Sweden,0.0,3.0,False,UEFA Nations League
2024-10-15,Costa Rica,Guatemala,3.0,0.0,False,CONCACAF Nations League
2024-10-15,Guadeloupe,Martinique,0.0,0.0,False,CONCACAF Nations League
2024-10-15,Suriname,Guyana,5.0,1.0,False,CONCACAF Nations League
2024-10-15,Dominican Republic,Antigua and Barbuda,5.0,0.0,True,CONCACAF Nations League
2024-10-15,Bermuda,Dominica,3.0,2.0,False,CONCACAF Nations League
2024-10-15,Barbados,Bahamas,6.0,2.0,False,CONCACAF Nations League
2024-10-15,Belize,Turks and Caicos Islands,3.0,0.0,False,CONCACAF Nations League
2024-10-15,Saint Kitts and Nevis,Cayman Islands,1.0,1.0,False,CONCACAF Nations League
2024-10-15,Scotland,Portugal,0.0,0.0,False,UEFA Nations League
2024-10-15,Poland,Croatia,3.0,3.0,False,UEFA Nations League
2024-10-15,Spain,Serbia,3.0,0.0,False,UEFA Nations League
2024-10-15,Switzerland,Denmark,2.0,2.0,False,UEFA Nations League
2024-10-15,Kosovo,Cyprus,3.0,0.0,False,UEFA Nations League
2024-10-15,Lithuania,Romania,1.0,2.0,False,UEFA Nations League
2024-10-15,Northern Ireland,Bulgaria,5.0,0.0,False,UEFA Nations League
2024-10-15,Belarus,Luxembourg,1.0,1.0,True,UEFA Nations League
2024-11-14,Belgium,Italy,0.0,1.0,False,UEFA Nations League
2024-11-14,France,Israel,0.0,0.0,False,UEFA Nations League
2024-11-14,Republic of Ireland,Finland,1.0,0.0,False,UEFA Nations League
2024-11-14,Greece,England,0.0,3.0,False,UEFA Nations League
2024-11-14,Kazakhstan,Austria,0.0,2.0,False,UEFA Nations League
2024-11-14,Slovenia,Norway,1.0,4.0,False,UEFA Nations League
2024-11-14,North Macedonia,Latvia,1.0,0.0,False,UEFA Nations League
2024-11-14,Armenia,Faroe Islands,0.0,1.0,False,UEFA Nations League
2024-11-14,Montserrat,Saint Vincent and the Grenadines,1.0,2.0,True,CONCACAF Nations League
2024-11-14,El Salvador,Bonaire,1.0,0.0,False,CONCACAF Nations League
2024-11-14,Belize,French Guiana,2.0,1.0,False,CONCACAF Nations League
2024-11-14,Saint Kitts and Nevis,Cuba,2.0,1.0,False,CONCACAF Nations League
2024-11-14,Costa Rica,Panama,0.0,1.0,False,CONCACAF Nations League
2024-11-14,Jamaica,United States,0.0,1.0,False,CONCACAF Nations League
2024-11-15,Portugal,Poland,5.0,1.0,False,UEFA Nations League
2024-11-15,Scotland,Croatia,1.0,0.0,False,UEFA Nations League
2024-11-15,Denmark,Spain,1.0,2.0,False,UEFA Nations League
2024-11-15,Switzerland,Serbia,1.0,1.0,False,UEFA Nations League
2024-11-15,Cyprus,Lithuania,2.0,1.0,False,UEFA Nations League
2024-11-15,Romania,Kosovo,0.0,0.0,False,UEFA Nations League
2024-11-15,Northern Ireland,Belarus,2.0,0.0,False,UEFA Nations League
2024-11-15,Luxembourg,Bulgaria,0.0,1.0,False,UEFA Nations League
2024-11-15,San Marino,Gibraltar,1.0,1.0,False,UEFA Nations League
2024-11-15,Saint Lucia,Grenada,0.0,4.0,True,CONCACAF Nations League
2024-11-15,Curaçao,Saint Martin,5.0,0.0,False,CONCACAF Nations League
2024-11-15,Puerto Rico,Aruba,5.0,1.0,False,CONCACAF Nations League
2024-11-15,Sint Maarten,Haiti,0.0,8.0,True,CONCACAF Nations League
2024-11-15,Barbados,Guyana,1.0,4.0,False,CONCACAF Nations League
2024-11-15,Cayman Islands,Guadeloupe,0.0,6.0,False,CONCACAF Nations League
2024-11-15,Honduras,Mexico,2.0,0.0,False,CONCACAF Nations League
2024-11-15,Suriname,Canada,0.0,1.0,False,CONCACAF Nations League
2024-11-16,Germany,Bosnia and Herzegovina,7.0,0.0,False,UEFA Nations League
2024-11-16,Netherlands,Hungary,4.0,0.0,False,UEFA Nations League
2024-11-16,Albania,Czech Republic,0.0,0.0,False,UEFA Nations League
2024-11-16,Georgia,Ukraine,1.0,1.0,False,UEFA Nations League
2024-11-16,Montenegro,Iceland,0.0,2.0,False,UEFA Nations League
2024-11-16,Turkey,Wales,0.0,0.0,False,UEFA Nations League
2024-11-16,Azerbaijan,Estonia,0.0,0.0,False,UEFA Nations League
2024-11-16,Sweden,Slovakia,2.0,1.0,False,UEFA Nations League
2024-11-16,Andorra,Moldova,0.0,1.0,False,UEFA Nations League
2024-11-16,Bermuda,Antigua and Barbuda,2.0,1.0,True,CONCACAF Nations League
2024-11-16,Dominican Republic,Dominica,6.0,1.0,False,CONCACAF Nations League
2024-11-17,Israel,Belgium,1.0,0.0,True,UEFA Nations League
2024-11-17,Italy,France,1.0,3.0,False,UEFA Nations League
2024-11-17,England,Republic of Ireland,5.0,0.0,False,UEFA Nations League
2024-11-17,Finland,Greece,0.0,2.0,False,UEFA Nations League
2024-11-17,Norway,Kazakhstan,5.0,0.0,False,UEFA Nations League
2024-11-17,Austria,Slovenia,1.0,1.0,False,UEFA Nations League
2024-11-17,North Macedonia,Faroe Islands,1.0,0.0,False,UEFA Nations League
2024-11-17,Latvia,Armenia,1.0,2.0,False,UEFA Nations League
2024-11-17,Saint Vincent and the Grenadines,Bonaire,3.0,1.0,True,CONCACAF Nations League
2024-11-17,El Salvador,Montserrat,1.0,0.0,False,CONCACAF Nations League
2024-11-18,Croatia,Portugal,1.0,1.0,False,UEFA Nations League
2024-11-18,Poland,Scotland,1.0,2.0,False,UEFA Nations League
2024-11-18,Serbia,Denmark,0.0,0.0,False,UEFA Nations League
2024-11-18,Spain,Switzerland,3.0,2.0,False,UEFA Nations League
2024-11-18,Kosovo,Lithuania,1.0,0.0,False,UEFA Nations League
2024-11-18,Romania,Cyprus,4.0,1.0,False,UEFA Nations League
2024-11-18,Luxembourg,Northern Ireland,2.0,2.0,False,UEFA Nations League
2024-11-18,Bulgaria,Belarus,1.0,1.0,False,UEFA Nations League
2024-11-18,Liechtenstein,San Marino,1.0,3.0,False,UEFA Nations League
2024-11-18,Grenada,Saint Martin,0.0,3.0,True,CONCACAF Nations League
2024-11-18,Saint Lucia,Curaçao,1.0,4.0,False,CONCACAF Nations League
2024-11-18,Aruba,Sint Maarten,0.0,1.0,True,CONCACAF Nations League
2024-11-18,Puerto Rico,Haiti,0.0,3.0,False,CONCACAF Nations League
2024-11-18,Cuba,Saint Kitts and Nevis,4.0,0.0,False,CONCACAF Nations League
2024-11-18,Panama,Costa Rica,2.0,2.0,False,CONCACAF Nations League
2024-11-18,United States,Jamaica,4.0,2.0,False,CONCACAF Nations League
2024-11-19,Bosnia and Herzegovina,Netherlands,1.0,1.0,False,UEFA Nations League
2024-11-19,Hungary,Germany,1.0,1.0,False,UEFA Nations League
2024-11-19,Albania,Ukraine,1.0,2.0,False,UEFA Nations League
2024-11-19,Czech Republic,Georgia,2.0,1.0,False,UEFA Nations League
2024-11-19,Wales,Iceland,4.0,1.0,False,UEFA Nations League
2024-11-19,Montenegro,Turkey,3.0,1.0,False,UEFA Nations League
2024-11-19,Slovakia,Estonia,1.0,0.0,False,UEFA Nations League
2024-11-19,Sweden,Azerbaijan,6.0,0.0,False,UEFA Nations League
2024-11-19,Malta,Andorra,0.0,0.0,False,UEFA Nations League
2024-11-19,Antigua and Barbuda,Dominica,0.0,0.0,True,CONCACAF Nations League
2024-11-19,Dominican Republic,Bermuda,6.0,1.0,False,CONCACAF Nations League
2024-11-19,French Guiana,Belize,2.0,2.0,True,CONCACAF Nations League
2024-11-19,Guadeloupe,Cayman Islands,1.0,0.0,False,CONCACAF Nations League
2024-11-19,Guyana,Barbados,5.0,3.0,False,CONCACAF Nations League
2024-11-19,Canada,Suriname,3.0,0.0,False,CONCACAF Nations League
2024-11-19,Mexico,Honduras,4.0,0.0,False,CONCACAF Nations League
2025-03-20,Canada,Mexico,0.0,2.0,True,CONCACAF Nations League
2025-03-20,United States,Panama,0.0,1.0,False,CONCACAF Nations League
2025-03-20,Croatia,France,2.0,0.0,False,UEFA Nations League
2025-03-20,Denmark,Portugal,1.0,0.0,False,UEFA Nations League
2025-03-20,Italy,Germany,1.0,2.0,False,UEFA Nations League
2025-03-20,Netherlands,Spain,2.0,2.0,False,UEFA Nations League
2025-03-20,Austria,Serbia,1.0,1.0,False,UEFA Nations League
2025-03-20,Greece,Scotland,0.0,1.0,False,UEFA Nations League
2025-03-20,Turkey,Hungary,3.0,1.0,False,UEFA Nations League
2025-03-20,Ukraine,Belgium,3.0,1.0,True,UEFA Nations League
2025-03-20,Armenia,Georgia,0.0,3.0,False,UEFA Nations League
2025-03-20,Bulgaria,Republic of Ireland,1.0,2.0,False,UEFA Nations League
2025-03-20,Kosovo,Iceland,2.0,1.0,False,UEFA Nations League
2025-03-20,Slovakia,Slovenia,0.0,0.0,False,UEFA Nations League
2025-03-23,United States,Canada,1.0,2.0,False,CONCACAF Nations League
2025-03-23,Panama,Mexico,1.0,2.0,True,CONCACAF Nations League
2025-03-23,France,Croatia,2.0,0.0,False,UEFA Nations League
2025-03-23,Germany,Italy,3.0,3.0,False,UEFA Nations League
2025-03-23,Portugal,Denmark,5.0,2.0,False,UEFA Nations League
2025-03-23,Spain,Netherlands,3.0,3.0,False,UEFA Nations League
2025-03-23,Belgium,Ukraine,3.0,0.0,False,UEFA Nations League
2025-03-23,Hungary,Turkey,0.0,3.0,False,UEFA Nations League
2025-03-23,Scotland,Greece,0.0,3.0,False,UEFA Nations League
2025-03-23,Serbia,Austria,2.0,0.0,False,UEFA Nations League
2025-03-23,Georgia,Armenia,6.0,1.0,False,UEFA Nations League
2025-03-23,Iceland,Kosovo,1.0,3.0,True,UEFA Nations League
2025-03-23,Republic of Ireland,Bulgaria,2.0,1.0,False,UEFA Nations League
2025-03-23,Slovenia,Slovakia,1.0,0.0,False,UEFA Nations League
2025-06-04,Germany,Portugal,1.0,2.0,False,UEFA Nations League
2025-06-05,Spain,France,5.0,4.0,True,UEFA Nations League
2025-06-08,Germany,France,0.0,2.0,False,UEFA Nations League
2025-06-08,Portugal,Spain,2.0,2.0,True,UEFA Nations League
